Year,bhqid,mlbamid,player-year,Name,Age,Hand,Total PA,Tm,Primary,1,2,3,4,5,6,0,o,Eligible,AW,PAAW,SAW,PAS,EAW,GSvR,GSvL,vR,vL,#R,#L,Team26,Pos26
2019,5882,665742,665742-2019,"Soto, Juan",20,L,659,WAS,7,0,0,0,0,0,0,0,150,o,26,25.3,5.8,4.39,0,0.92,0.95,4.41,4.33,4,4,NYM,OF
2019,4800,656941,656941-2019,"Schwarber, Kyle J",26,L,610,CHC,7,0,1,0,0,0,0,2,140,o,27,22.6,5.1,4.25,0.9,0.95,0.47,4.25,4.2,1,1,PHI,UT
2020,4800,656941,656941-2020,"Schwarber, Kyle J",27,L,224,CHC,7,0,0,0,0,0,0,9,48,o,10,22.4,5.6,3.89,0.6,0.96,0.82,3.89,3.89,4,5,PHI,UT
2020,5882,665742,665742-2020,"Soto, Juan",21,L,196,WAS,7,0,0,0,0,0,0,5,42,o,8,24.5,5.9,4.17,0,0.92,0.81,4.18,4.15,3,4,NYM,OF
2021,5882,665742,665742-2021,"Soto, Juan",22,L,654,WAS,9,0,0,0,0,0,0,2,144,o,25,26.2,5.8,4.45,0.2,0.94,0.92,4.44,4.47,3,3,NYM,OF
2021,4800,656941,656941-2021,"Schwarber, Kyle J",28,L,471,BOS,7,0,0,10,0,0,0,14,87,o,19,24.8,5.7,4.28,0.3,0.96,0.71,4.38,4,4,6,PHI,UT
2022,4800,656941,656941-2022,"Schwarber, Kyle J",29,L,669,PHI,7,0,0,0,0,0,0,15,139,o,27,24.8,5.7,4.36,0.1,0.96,0.91,4.4,4.26,1,1,PHI,UT
2022,5882,665742,665742-2022,"Soto, Juan",23,L,663,SDP,9,0,0,0,0,0,0,1,151,o,27,24.6,5.6,4.36,0,0.94,0.96,4.38,4.31,2,2,NYM,OF
2023,4800,656941,656941-2023,"Schwarber, Kyle J",30,L,720,PHI,7,0,0,0,0,0,0,57,103,od,27,26.7,5.9,4.5,0,0.99,0.98,4.5,4.51,1,1,PHI,UT
2023,5882,665742,665742-2023,"Soto, Juan",24,L,708,SDP,7,0,0,0,0,0,0,6,154,o,27,26.2,6,4.39,0,0.99,1,4.34,4.52,3,3,NYM,OF
2024,4800,656941,656941-2024,"Schwarber, Kyle J",31,L,692,PHI,10,0,0,0,0,0,0,144,5,0,26,26.6,5.7,4.64,0.2,0.95,0.95,4.61,4.7,1,1,PHI,UT
2024,5882,665742,665742-2024,"Soto, Juan",25,L,713,NYY,9,0,0,0,0,0,0,5,151,o,27,26.4,5.8,4.54,0,0.97,0.98,4.53,4.58,2,2,NYM,OF
2025,7927,805300,805300-2025,"Marsee, Jakob",24,L,234,MIA,o,,0,0,0,0,0,0,55,o,8,27.8,6.1,4.53,0.4,1,0.83,4.5,4.07,2,3,MIA,OF
2025,4528,596019,596019-2025,"Lindor, Francisco M",31,B,732,NYM,6,,0,0,0,0,158,2,0,6,27,27.1,5.9,4.6,0,0.98,0.98,4.58,4.63,1,1,NYM,SS
2025,5208,646240,646240-2025,"Devers, Rafael",28,L,729,SFG,3,,0,29,0,1,0,133,0,30,27,27,6,4.5,0,0.99,1,4.47,4.56,2,2,SF,1B
2025,5743,660271,660271-2025,"Ohtani, Shohei  ",30,L,725,LAD,0,,0,0,0,0,0,158,0,0,27,26.9,5.9,4.59,0,0.97,1,4.57,4.63,1,1,LAD,"UT, P"
2025,5060,621566,621566-2025,"Olson, Matt",31,L,724,ATL,3,,0,162,0,0,0,0,0,3,27,26.8,6,4.47,0,1,1,4.44,4.56,2,2,ATL,1B
2025,4800,656941,656941-2025,"Schwarber, Kyle J",32,L,724,PHI,0,,0,0,0,0,0,154,8,0,27,26.8,6,4.47,0,1,1,4.46,4.5,2,2,PHI,UT
2025,6460,672695,672695-2025,"Perdomo, Geraldo",25,B,720,ARI,6,,0,0,0,0,161,0,0,6,27,26.7,5.9,4.5,0,0.99,0.98,4.56,4.31,1,2,ARZ,SS
2025,6898,680757,680757-2025,"Kwan, Steven",27,L,693,CLE,7,,0,0,0,0,0,4,152,o,26,26.7,6,4.44,0,1,0.93,4.49,4.32,1,1,CLE,OF
2025,4949,607208,607208-2025,"Turner, Trea V",32,R,639,PHI,6,,0,0,0,0,139,1,0,6,24,26.5,5.8,4.58,0,0.97,0.98,4.51,4.75,1,1,PHI,SS
2025,4177,595777,595777-2025,"Profar, Jurickson",32,B,371,ATL,7,,0,0,0,0,0,1,79,o,14,26.5,5.7,4.64,0,0.98,0.92,4.61,4.7,1,1,ATL,OF
2025,5882,665742,665742-2025,"Soto, Juan",26,L,714,NYM,9,,0,0,0,0,0,3,157,o,27,26.4,5.9,4.46,0,0.99,0.98,4.43,4.54,2,3,NYM,OF
2025,6883,677594,677594-2025,"Rodriguez, Julio",24,R,710,SEA,8,,0,0,0,0,0,1,159,o,27,26.3,5.9,4.47,0,0.98,0.98,4.48,4.37,3,2,SEA,OF
2025,6232,668227,668227-2025,"Arozarena, Randy",30,R,709,SEA,7,,0,0,0,0,0,2,158,o,27,26.3,5.9,4.43,0,0.98,1,4.42,4.47,5,4,SEA,OF
2025,5829,624413,624413-2025,"Alonso, Pete",30,R,709,NYM,3,,0,160,0,0,0,2,0,3,27,26.3,6,4.4,0,1,0.98,4.4,4.39,3,4,BAL,1B
2025,6005,666182,666182-2025,"Bichette, Bo",27,R,628,TOR,6,,0,0,0,0,132,7,0,6,24,26.2,5.7,4.58,0,0.97,0.91,4.57,4.56,1,1,NYM,SS
2025,5048,592450,592450-2025,"Judge, Aaron",33,R,679,NYY,9,,0,0,0,0,0,56,95,o0,26,26.1,5.8,4.5,0,0.98,0.94,4.52,4.38,2,3,NYY,OF
2025,6347,663728,663728-2025,"Raleigh, Cal",28,B,705,SEA,2,,121,0,0,0,0,38,0,20,27,26.1,5.8,4.49,0,0.98,0.94,4.48,4.48,3,3,SEA,C
2025,6140,650333,650333-2025,"Arraez, Luis",28,L,675,SDP,3,,0,117,14,0,0,29,0,30,26,26,5.8,4.5,0,0.96,0.96,4.52,4.36,2,2,SF,1B
2025,7160,687263,687263-2025,"Neto, Zach",24,R,554,LAA,6,,0,0,0,0,125,0,0,6,21,25.9,5.7,4.57,0.1,0.91,0.96,4.5,4.52,1,1,LAA,SS
2025,7176,682829,682829-2025,"De La Cruz, Elly",23,B,699,CIN,6,,0,0,0,0,158,4,0,6,27,25.9,6,4.34,0,1,0.98,4.31,4.41,3,3,CIN,SS
2025,6489,667670,667670-2025,"Rooker, Brent",30,R,698,ATH,0,,0,0,0,0,0,135,27,0o,27,25.9,6,4.34,0,0.99,1,4.33,4.32,3,2,ATH,OF
2025,6629,680776,680776-2025,"Duran, Jarren",28,L,696,BOS,7,,0,0,0,0,0,1,156,o,27,25.8,5.6,4.58,0,0.99,0.8,4.55,4.51,1,1,BOS,OF
2025,6284,671218,671218-2025,"Ramos, Heliot",25,R,695,SFG,7,,0,0,0,0,0,3,154,o,27,25.7,5.8,4.46,0,0.95,1,4.47,4.4,1,1,SF,OF
2025,5746,665487,665487-2025,"Tatis Jr., Fernando",26,R,691,SDP,9,,0,0,0,0,0,2,153,o,27,25.6,5.7,4.46,0,0.96,0.96,4.46,4.45,1,1,SD,OF
2025,5587,663586,663586-2025,"Riley, Austin",28,R,447,ATL,5,,0,0,0,102,0,0,0,5,17,25.5,5.8,4.38,0.2,0.97,1,4.36,4.44,2,2,ATL,3B
2025,6769,683002,683002-2025,"Henderson, Gunnar",24,L,651,BAL,6,,0,0,0,0,145,8,0,6,25,25.5,5.9,4.34,0.1,1,0.89,4.34,4.13,3,3,BAL,SS
2025,6801,695578,695578-2025,"Wood, James",22,L,689,WAS,7,,0,0,0,0,0,33,123,o0,27,25.5,5.7,4.45,0,0.98,0.9,4.46,4.26,2,2,WAS,OF
2025,5506,664023,664023-2025,"Happ, Ian",30,B,663,CHC,7,,0,0,0,0,0,4,146,o,26,25.5,5.7,4.45,0,0.96,0.95,4.45,4.41,1,1,CHC,OF
2025,6636,677951,677951-2025,"Witt Jr., Bobby",25,R,687,KRC,6,,0,0,0,0,154,4,0,6,27,25.4,5.8,4.38,0,0.96,1,4.41,4.24,2,2,KC,SS
2025,8167,682663,682663-2025,"Ramirez, Agustin",23,R,585,MIA,2,,73,0,0,0,0,63,0,20,23,25.4,5.7,4.43,0,0.94,0.93,4.37,4.41,3,2,MIA,C
2025,6575,665161,665161-2025,"Pena, Jeremy",27,R,543,HOU,6,,0,0,0,0,124,2,0,6,21,25.4,5.7,4.45,0.1,0.92,1,4.39,4.54,1,1,HOU,SS
2025,6863,670770,670770-2025,"Friedl, T.J.",29,L,685,CIN,8,,0,0,0,0,0,2,149,o,27,25.4,5.6,4.57,0,0.94,0.89,4.55,4.58,1,1,CIN,OF
2025,5053,642715,642715-2025,"Adames, Willy R",29,R,685,SFG,6,,0,0,0,0,158,1,0,6,27,25.4,5.9,4.31,0,0.98,0.98,4.36,4.18,2,2,SF,SS
2025,6462,682998,682998-2025,"Carroll, Corbin",24,L,642,ARI,9,,0,0,0,0,0,3,139,o,25,25.3,5.5,4.62,0.1,0.96,0.82,4.64,4.44,1,2,ARZ,OF
2025,6903,686469,686469-2025,"Pasquantino, Vinnie",27,L,682,KRC,3,,0,126,0,0,0,34,0,30,27,25.3,5.9,4.26,0,0.99,0.97,4.3,4.13,3,3,KC,1B
2025,7858,694192,694192-2025,"Chourio, Jackson",21,R,589,MIL,8,,0,0,0,0,0,2,129,o,23,25.2,5.6,4.5,0.1,0.96,0.95,4.47,4.6,2,1,MLW,OF
2025,5896,665489,665489-2025,"Guerrero Jr., Vladimir",26,R,680,TOR,3,,0,133,0,0,0,24,0,30,27,25.2,5.7,4.42,0,0.93,1,4.39,4.43,3,3,TOR,1B
2025,4173,592518,592518-2025,"Machado, Manny",32,R,678,SDP,5,,0,0,0,145,0,14,0,5,27,25.1,5.9,4.26,0,0.99,0.96,4.22,4.36,3,3,SD,3B
2025,4988,606466,606466-2025,"Marte, Ketel",31,B,556,ARI,4,,0,0,104,0,0,21,0,40,22,24.9,5.4,4.61,0.1,0.85,0.95,4.5,4.67,2,1,ARZ,2B
2025,4455,608070,608070-2025,"Ramirez, Jose",32,B,672,CLE,5,,0,0,0,134,0,26,0,50,27,24.9,5.9,4.25,0,0.97,1,4.27,4.22,3,3,CLE,3B
2025,5653,650402,650402-2025,"Torres, Gleyber",28,R,628,DET,4,,0,0,134,0,0,10,0,4,25,24.8,5.6,4.39,0.1,0.92,1,4.37,4.36,2,2,DET,2B
2025,3393,518692,518692-2025,"Freeman, Freddie C",35,L,627,LAD,3,,0,146,0,0,0,0,0,3,25,24.8,5.7,4.33,0.1,0.99,0.86,4.32,4.32,3,4,LAD,1B
2025,5173,645277,645277-2025,"Albies, Ozzie",28,B,667,ATL,4,,0,0,157,0,0,0,0,4,27,24.7,5.8,4.25,0,0.97,0.98,4.24,4.26,6,5,ATL,2B
2025,7072,672580,672580-2025,"Garcia, Maikel",25,R,666,KRC,5,,0,0,11,136,17,6,7,5,27,24.7,5.8,4.24,0,0.96,1,4.25,4.15,4,1,KC,3B
2025,4673,605141,605141-2025,"Betts, Mookie",32,R,663,LAD,6,,0,0,0,0,148,0,1,6,27,24.6,5.5,4.48,0,0.92,0.9,4.43,4.56,2,2,LAD,SS
2025,5891,621493,621493-2025,"Ward, Taylor",31,R,663,LAA,7,,0,0,0,0,0,4,153,o,27,24.6,5.8,4.25,0,0.96,1,4.23,4.29,4,4,BAL,OF
2025,6325,669364,669364-2025,"Edwards, Xavier",25,B,619,MIA,4,,0,0,96,0,41,1,0,46,25,24.5,5.4,4.54,0,0.92,0.86,4.51,4.54,1,1,MIA,"2B, SS"
2025,6791,682928,682928-2025,"Abrams, CJ",24,L,635,WAS,6,,0,0,0,0,142,1,0,6,26,24.4,5.4,4.5,0,0.94,0.84,4.45,4.47,1,1,WAS,SS
2025,6298,661388,661388-2025,"Contreras, William",27,R,659,MIL,2,,128,1,0,0,0,22,1,20,27,24.4,5.6,4.39,0,0.93,0.91,4.42,4.33,4,3,MLW,C
2025,6582,668930,668930-2025,"Turang, Brice",25,L,659,MIL,4,,0,0,153,0,3,0,0,4,27,24.4,5.6,4.39,0,0.97,0.8,4.45,4.11,1,9,MLW,2B
2025,5285,608324,608324-2025,"Bregman, Alex D",31,R,495,BOS,5,,0,0,0,113,0,1,0,5,20,24.4,5.4,4.51,0.1,0.91,0.9,4.47,4.41,3,2,CHC,3B
2025,4583,553993,553993-2025,"Suarez, Eugenio",33,R,657,SEA,5,,0,3,0,154,0,4,0,5,27,24.3,5.8,4.19,0,0.97,0.96,4.14,4.23,5,4,SEA,3B
2025,5461,641355,641355-2025,"Bellinger, Cody",29,L,656,NYY,8,,0,7,0,0,0,0,149,o,27,24.3,5.5,4.43,0,0.91,0.92,4.39,4.42,3,3,NYY,OF
2025,5736,663656,663656-2025,"Tucker, Kyle",28,L,595,CHC,9,,0,0,0,0,0,19,115,o,24,24.3,5.5,4.45,0.1,0.91,0.92,4.52,4.2,2,2,LAD,OF
2025,4431,543760,543760-2025,"Semien, Marcus A",34,R,534,TEX,4,,0,0,127,0,0,0,0,4,22,24.3,5.8,4.21,0,0.97,0.94,4.2,4.22,3,3,NYM,2B
2025,6881,682985,682985-2025,"Greene, Riley",24,L,655,DET,7,,0,0,0,0,0,23,133,o0,27,24.3,5.6,4.34,0,0.96,0.86,4.24,4.25,4,3,DET,OF
2025,3863,514888,514888-2025,"Altuve, Jose",35,R,654,HOU,4,,0,0,66,0,0,49,47,4o0,27,24.2,5.7,4.25,0,0.96,0.91,4.23,4.3,3,3,HOU,"OF, 2B"
2025,5041,641487,641487-2025,"Crawford, J.P.",30,L,654,SEA,6,,0,0,0,0,157,0,0,6,27,24.2,5.8,4.19,0,0.98,0.89,4.27,4.07,1,1,SEA,SS
2025,6058,668804,668804-2025,"Reynolds, Bryan",30,B,654,PIT,9,,0,0,0,0,0,35,117,o0,27,24.2,5.6,4.33,0,0.96,0.83,4.31,4.3,3,3,PIT,OF
2025,5042,596115,596115-2025,"Story, Trevor J",32,R,654,BOS,6,,0,0,0,0,156,0,0,6,27,24.2,5.7,4.22,0,0.95,0.98,4.22,4.21,4,5,BOS,SS
2025,7851,691406,691406-2025,"Caminero, Junior",21,R,653,TBR,5,,0,1,0,148,0,6,0,5,27,24.2,5.6,4.3,0,0.92,0.98,4.28,4.26,4,3,TB,3B
2025,3941,547180,547180-2025,"Harper, Bryce A",32,L,580,PHI,3,,0,130,0,0,0,2,0,3,24,24.2,5.5,4.43,0,0.94,0.86,4.33,4.55,3,3,PHI,1B
2025,4773,607043,607043-2025,"Nimmo, Brandon T",32,L,652,NYM,9,,0,0,0,0,0,4,150,o,27,24.1,5.6,4.32,0,0.96,0.87,4.34,4.17,4,5,TEX,OF
2025,6917,673548,673548-2025,"Suzuki, Seiya",30,R,651,CHC,0,,0,0,0,0,0,102,48,0o,27,24.1,5.5,4.37,0,0.89,1,4.39,4.26,3,3,CHC,OF
2025,5430,650490,650490-2025,"Diaz, Yandy",33,R,651,TBR,0,,0,37,0,0,0,114,0,03,27,24.1,5.6,4.34,0,0.9,1,4.38,4.26,1,1,TB,1B
2025,5588,660670,660670-2025,"Acuna Jr., Ronald",27,R,412,ATL,9,,0,0,0,0,0,4,91,o,16,24.1,5.4,4.43,0.4,0.94,0.83,4.37,4.33,3,1,ATL,OF
2025,6726,663457,663457-2025,"Nootbaar, Lars",27,L,583,STL,9,,0,0,0,0,0,2,131,o,24,24,5.4,4.47,0,0.94,0.75,4.45,4.52,1,1,STL,OF
2025,6476,679529,679529-2025,"Torkelson, Spencer",25,R,649,DET,3,,0,145,0,0,0,10,0,3,27,24,5.7,4.21,0,0.93,1,4.2,4.24,5,4,DET,1B
2025,6269,663538,663538-2025,"Hoerner, Nico",28,R,649,CHC,4,,0,0,153,0,8,0,0,4,27,24,5.7,4.19,0,0.94,1,4.14,4.21,6,1,CHC,2B
2025,7814,702616,702616-2025,"Holliday, Jackson",21,L,649,BAL,4,,0,0,139,0,8,4,0,4,27,24,5.4,4.48,0,0.96,0.75,4.39,4.43,1,1,BAL,2B
2025,7808,691718,691718-2025,"Crow-Armstrong, Pete",23,L,647,CHC,8,,0,0,0,0,0,1,156,o,27,24,5.7,4.2,0,0.98,0.86,4.22,4.03,4,5,CHC,OF
2025,7811,694384,694384-2025,"Schanuel, Nolan",23,L,564,LAA,3,,0,131,0,0,0,0,0,3,23,24,5.5,4.34,0.1,0.95,0.88,4.35,4.24,2,2,LAA,1B
2025,5129,621020,621020-2025,"Swanson, Dansby",31,R,645,CHC,6,,0,0,0,0,159,0,0,6,27,23.9,5.9,4.06,0,0.98,1,4.08,4,5,6,CHC,SS
2025,4335,592885,592885-2025,"Yelich, Christian",33,L,644,MIL,0,,0,0,0,0,0,130,19,0,27,23.9,5.4,4.41,0,0.93,0.83,4.41,4.29,3,3,MLW,UT
2025,6765,671739,671739-2025,"Harris II, Michael",24,L,641,ATL,8,,0,0,0,0,0,0,160,o,27,23.7,5.8,4.08,0,1,0.88,4.06,4.05,8,8,ATL,OF
2025,4775,572233,572233-2025,"Walker, Christian",34,R,640,HOU,3,,0,152,0,0,0,2,0,3,27,23.7,5.6,4.21,0,0.94,0.94,4.2,4.19,4,4,HOU,1B
2025,3857,545361,545361-2025,"Trout, Mike",33,R,555,LAA,0,,0,0,0,0,0,106,22,0o,23,23.7,5.5,4.33,0.1,0.92,0.92,4.28,4.5,3,3,LAA,OF
2025,6053,670623,670623-2025,"Paredes, Isaac",26,R,438,HOU,5,,0,0,0,89,0,13,0,5,18,23.7,5.4,4.35,0.2,0.93,0.94,4.29,4.56,2,2,HOU,3B
2025,3849,521692,521692-2025,"Perez, Salvador",35,R,638,KRC,2,,92,30,0,0,0,38,0,230,27,23.6,5.7,4.12,0,0.95,1,4.11,4.15,5,4,KC,"C, 1B"
2025,6831,672640,672640-2025,"Lopez, Otto",26,R,594,MIA,6,,0,0,32,0,111,1,0,64,25,23.6,5.5,4.31,0,0.89,0.96,4.14,4.41,3,3,MIA,"SS, 2B"
2025,5407,656305,656305-2025,"Chapman, Matt",32,R,535,SFG,5,,0,0,0,128,0,0,0,5,22,23.5,5.6,4.2,0.2,0.94,0.97,4.26,4.03,4,4,SF,3B
2025,7185,686217,686217-2025,"Frelick, Sal",25,L,590,MIL,9,,0,1,0,1,0,0,139,o,25,23.4,5.4,4.34,0,0.93,0.76,4.36,4.21,1,5,MLW,OF
2025,7405,671732,671732-2025,"Butler, Lawrence",24,L,630,ATH,8,,0,0,0,0,0,0,150,o,27,23.3,5.2,4.5,0,0.98,0.47,4.39,4.28,1,1,ATH,OF
2025,8152,701350,701350-2025,"Anthony, Roman",21,L,303,BOS,8,,0,0,0,0,0,18,52,o,13,23.3,5.1,4.59,0,0.92,0.72,4.55,4.28,1,3,BOS,OF
2025,8230,701762,701762-2025,"Kurtz, Nick",22,L,488,ATH,3,,0,112,0,0,0,5,0,3,21,23.2,5.5,4.21,0,0.93,0.86,4.15,4.32,3,3,ATH,1B
2025,7862,687597,687597-2025,"Beck, Jordan",24,R,587,COL,7,,0,0,0,0,0,6,139,o,25,23.1,5.4,4.25,0,0.88,0.97,4.2,4.16,4,4,COL,OF
2025,6771,691016,691016-2025,"Soderstrom, Tyler",23,L,624,ATH,7,,0,49,0,0,0,1,108,o3,27,23.1,5.4,4.3,0,0.97,0.66,4.21,4.08,4,3,ATH,"OF, 1B"
2025,7155,681624,681624-2025,"Pages, Andy",24,R,624,LAD,8,,0,0,0,0,0,0,156,o,27,23.1,5.7,4.03,0,0.96,0.96,4.04,4,6,6,LAD,OF
2025,6295,664761,664761-2025,"Bohm, Alec",28,R,504,PHI,5,,0,13,0,108,0,0,0,5,21,23.1,5.5,4.22,0.2,0.91,0.97,4.12,4.34,8,3,PHI,3B
2025,6209,665862,665862-2025,"Chisholm Jr., Jazz",27,L,531,NYY,4,,0,0,100,29,0,0,0,45,23,23.1,5.4,4.25,0,0.94,0.77,4.19,4.17,5,5,NYY,"2B, 3B"
2025,8179,805367,805367-2025,"Meidroth, Chase",23,R,505,CHW,4,,0,0,61,0,76,0,0,46,21,23,5.2,4.4,0.3,0.83,0.97,4.36,4.27,1,1,CWS,"2B, SS"
2025,4567,621439,621439-2025,"Buxton, Byron",31,R,542,MIN,8,,0,0,0,0,0,8,118,o,23,23,5.4,4.27,0.1,0.89,0.9,4.3,4.18,1,1,MIN,OF
2025,4426,593428,593428-2025,"Bogaerts, Xander J",32,R,552,SDP,6,,0,0,0,0,125,9,0,6,24,23,5.6,4.12,0,0.93,0.96,4.09,4.14,5,5,SD,SS
2025,7890,701538,701538-2025,"Merrill, Jackson",22,L,483,SDP,8,,0,0,0,0,0,0,114,o,21,23,5.4,4.24,0,0.92,0.88,4.24,4.23,4,4,SD,OF
2025,6448,671056,671056-2025,"Herrera, Ivan",25,R,450,STL,2,,14,0,0,0,0,89,4,20,19,23,5.3,4.33,0.2,0.9,0.93,4.27,4.21,2,2,STL,UT
2025,7286,682622,682622-2025,"Marte, Noelvi",23,R,360,CIN,5,,0,0,0,38,0,1,54,5o,15,23,5.3,4.31,0.3,0.84,1,4.17,4.38,2,2,CIN,"OF, 3B"
2025,7899,808982,808982-2025,"Lee, Jung Hoo",26,L,617,SFG,8,,0,0,0,0,0,2,147,o,27,22.9,5.4,4.26,0,0.92,0.82,4.29,4.08,3,7,SF,OF
2025,4363,543807,543807-2025,"Springer, George C",35,R,579,TOR,0,,0,0,0,0,0,82,54,0o,25,22.8,5.2,4.42,0.1,0.84,0.91,4.4,4.25,1,4,TOR,OF
2025,6916,678246,678246-2025,"Vargas, Miguel",25,R,569,CHW,3,,0,63,0,79,0,4,1,35,25,22.8,5.4,4.25,0,0.88,0.97,4.19,4.26,4,3,CWS,"1B, 3B"
2025,5863,666971,666971-2025,"Gurriel Jr., Lourdes  ",31,R,546,ARI,o,,0,0,0,0,0,12,118,o,24,22.8,5.2,4.37,0,0.83,0.95,4.35,4.28,6,3,ARZ,OF
2025,5948,664040,664040-2025,"Lowe, Brandon",30,L,553,TBR,4,,0,3,121,0,0,9,0,4,24,22.8,5.3,4.33,0.1,0.97,0.61,4.3,4.19,2,3,PIT,2B
2025,7357,693304,693304-2025,"Gonzales, Nick",26,R,408,PIT,4,,0,0,85,0,13,0,0,4,18,22.7,5.3,4.25,0,0.88,1,4.21,4.39,4,4,PIT,2B
2025,8187,695657,695657-2025,"Montgomery, Colson",23,L,283,CHW,6,,0,0,0,12,60,0,0,6,12,22.6,5.4,4.17,0.3,0.94,0.78,4.08,3.93,3,8,CWS,SS
2025,6066,663993,663993-2025,"Lowe, Nathaniel",29,L,609,BOS,3,,0,146,0,0,0,5,0,3,27,22.6,5.3,4.23,0,0.95,0.76,4.21,3.94,4,4,BOS,1B
2025,7843,694671,694671-2025,"Langford, Wyatt",23,R,573,TEX,7,,0,0,0,0,0,0,133,o,25,22.4,5.2,4.32,0.1,0.85,0.92,4.32,4.31,2,2,TEX,OF
2025,7289,691026,691026-2025,"Winn, Masyn",23,R,537,STL,6,,0,0,0,0,129,0,0,6,24,22.4,5.2,4.3,0,0.84,0.95,4.13,4.49,2,2,STL,SS
2025,5607,647304,647304-2025,"Naylor, Josh",28,L,604,SEA,3,,0,129,0,0,0,21,0,30,27,22.4,5.3,4.19,0,0.92,0.82,4.15,4.13,4,5,SEA,1B
2025,8042,805779,805779-2025,"Wilson, Jacob",23,R,523,ATH,6,,0,0,0,0,124,1,0,6,23,22.2,5.3,4.19,0.1,0.87,0.94,4.17,4.23,2,1,ATH,SS
2025,7175,680574,680574-2025,"McLain, Matt",25,R,577,CIN,4,,0,0,138,0,6,3,0,4,26,22.2,5.3,4.18,0,0.9,0.84,4.09,4.22,2,2,CIN,2B
2025,4792,621043,621043-2025,"Correa, Carlos",30,R,584,HOU,5,,0,0,0,48,97,0,0,56,26,22.1,5.3,4.14,0.1,0.88,0.94,4.13,4.03,4,4,HOU,"3B, SS"
2025,7196,683011,683011-2025,"Volpe, Anthony",24,R,596,NYY,6,,0,0,0,0,153,0,0,6,27,22.1,5.4,4.05,0,0.91,0.92,3.99,4.18,6,5,NYY,SS
2025,6770,683737,683737-2025,"Busch, Michael",27,L,592,CHC,3,,0,151,0,0,0,2,0,3,27,21.9,4.9,4.52,0,1,0.26,4.27,4,1,7,CHC,1B
2025,6978,680977,680977-2025,"Donovan, Brendan",28,L,515,STL,4,,0,0,100,0,6,2,18,4,23,21.9,5,4.42,0.1,0.81,0.88,4.34,4.43,3,3,STL,2B
2025,4356,542303,542303-2025,"Ozuna, Marcell",34,R,591,ATL,0,,0,0,0,0,0,137,0,0,27,21.9,5,4.38,0,0.82,0.86,4.24,4.3,3,3,ATL,UT
2025,7945,687231,687231-2025,"Hernaiz, Darell",23,R,197,ATH,6,,0,0,14,20,23,0,0,65,9,21.9,5.6,3.94,0,0.92,0.94,3.94,3.94,7,7,ATH,"3B, SS"
2025,7162,678662,678662-2025,"Tovar, Ezequiel",23,R,390,COL,6,,0,0,0,0,95,0,0,6,17,21.9,5.4,4.09,0.2,0.86,0.96,4.06,4.15,2,2,COL,SS
2025,4245,592206,592206-2025,"Castellanos, Nick",33,R,589,PHI,9,,0,0,0,0,0,4,143,o,27,21.8,5.3,4.15,0,0.83,0.98,4.02,4.23,5,4,PHI,OF
2025,6637,663697,663697-2025,"India, Jonathan",30,R,567,KRC,4,,0,0,76,20,0,27,21,45o0,26,21.8,4.9,4.43,0,0.85,0.72,4.33,4.22,1,1,KC,"OF, 3B, 2B"
2025,4794,608369,608369-2025,"Seager, Corey D",31,L,445,TEX,6,,0,0,0,0,97,5,0,6,20,21.8,5,4.36,0.1,0.88,0.76,4.37,4.32,2,2,TEX,SS
2025,6413,669127,669127-2025,"Langeliers, Shea",27,R,523,ATH,2,,108,0,0,0,0,16,0,2,24,21.8,5,4.36,0,0.84,0.84,4.22,4.74,4,1,ATH,C
2025,6716,676391,676391-2025,"Clement, Ernie",29,R,588,TOR,5,,0,15,60,89,29,0,0,546,27,21.8,5.1,4.23,0,0.82,0.98,4.04,4.31,8,6,TOR,"2B, 3B, SS"
2025,6924,669065,669065-2025,"Stowers, Kyle",27,L,457,MIA,0,,0,0,0,0,0,8,107,0o,21,21.8,5,4.39,0,0.95,0.55,4.19,4.5,5,7,MIA,OF
2025,8326,669236,669236-2025,"Jackson, Jeremiah",25,R,183,BAL,5,,0,0,1,13,0,3,34,5o,8,21.8,5.1,4.24,0.4,0.76,1,4.1,4.17,2,2,BAL,OF
2025,7233,678882,678882-2025,"Rafaela, Ceddanne",24,R,587,BOS,8,,0,0,24,0,0,0,141,o4,27,21.7,5.4,3.99,0,0.87,1,3.9,4.02,9,9,BOS,"2B, OF"
2025,5423,641857,641857-2025,"McMahon, Ryan",30,L,586,NYY,5,,0,0,0,154,0,1,0,5,27,21.7,5.3,4.07,0,0.98,0.59,3.98,4.04,4,3,NYY,3B
2025,6333,630105,630105-2025,"Cronenworth, Jake",31,L,514,SDP,4,,0,13,118,0,13,2,0,4,23,21.7,5.6,3.87,0.1,0.96,0.86,3.9,3.67,7,8,SD,2B
2025,8025,686797,686797-2025,"Lee, Brooks",24,B,523,MIN,5,,0,0,37,43,76,1,0,546,24,21.7,5.1,4.26,0,0.83,0.85,4.1,3.9,8,7,MIN,"2B, 3B, SS"
2025,5162,575929,575929-2025,"Contreras, Willson E",33,R,562,STL,3,,0,120,0,0,0,15,0,3,26,21.6,5.2,4.19,0,0.85,0.89,4.2,4.15,4,4,BOS,1B
2025,8231,807712,807712-2025,"Keaschall, Luke",22,R,207,MIN,4,,0,0,41,0,0,8,0,4,9,21.6,5.1,4.22,0.3,0.81,0.81,4.24,4.15,4,4,MIN,2B
2025,8197,802415,802415-2025,"Simpson, Chandler",24,L,439,TBR,8,,0,0,0,0,0,3,105,o,20,21.6,5,4.35,0.1,0.94,0.54,4.3,4.1,1,1,TB,OF
2025,7006,666018,666018-2025,"Aranda, Jonathan",27,L,422,TBR,3,,0,93,0,0,0,10,0,3,19,21.5,4.9,4.4,0.2,0.98,0.42,4.28,3.92,4,4,TB,1B
2025,6214,663757,663757-2025,"Grisham, Trent",28,L,581,NYY,o,,0,0,0,0,0,0,140,o,27,21.5,4.6,4.72,0,0.78,0.69,4.59,4.36,1,2,NYY,OF
2025,8151,702332,702332-2025,"Durbin, Caleb",25,R,506,MIL,5,,0,0,10,131,3,0,0,5,23,21.5,5.2,4.15,0.1,0.83,0.92,4,4.03,8,6,MLW,3B
2025,6400,668939,668939-2025,"Rutschman, Adley",27,B,365,BAL,2,,73,0,0,0,0,18,0,2,17,21.5,4.9,4.4,0,0.82,0.79,4.21,4.18,2,2,BAL,C
2025,7819,696100,696100-2025,"Goodman, Hunter",25,R,579,COL,2,,104,0,0,0,0,39,0,20,27,21.4,5,4.32,0,0.83,0.83,4.24,4.23,3,3,COL,C
2025,6474,668885,668885-2025,"Martin, Austin",26,R,181,MIN,o,,0,0,4,0,0,0,45,o,8,21.4,4.5,4.75,0.3,0.61,0.93,4.46,4.5,2,2,MIN,OF
2025,5953,666969,666969-2025,"Garcia, Adolis",32,R,547,TEX,o,,0,0,0,0,0,5,128,o,25,21.4,5.1,4.17,0.1,0.86,0.87,4.16,4.06,4,4,PHI,OF
2025,7075,687462,687462-2025,"Horwitz, Spencer",27,L,411,PIT,3,,0,102,1,0,0,1,0,3,19,21.3,4.8,4.45,0.1,0.99,0.04,4.21,5,1,5,PIT,1B
2025,6567,673962,673962-2025,"Jung, Josh",27,R,511,TEX,5,,0,0,0,126,0,5,0,5,24,21.3,5.2,4.09,0,0.82,0.97,4.05,4.03,7,3,TEX,3B
2025,6487,683734,683734-2025,"Vaughn, Andrew",27,R,447,MIL,3,,0,95,0,0,0,17,0,3,21,21.3,5,4.26,0,0.8,0.97,4.14,4.15,5,5,MLW,1B
2025,7977,672761,672761-2025,"Perez, Wenceel",25,B,383,DET,8,,0,0,0,0,0,1,99,o,18,21.3,5.2,4.12,0,0.84,0.93,4.09,3.96,6,3,DET,OF
2025,8344,687637,687637-2025,"Beavers, Dylan",23,L,137,BAL,9,,0,0,0,0,0,0,35,o,6,21.2,5.3,3.97,0.3,1,0.33,3.97,3.67,5,8,BAL,OF
2025,6082,666176,666176-2025,"Adell, Jo",26,R,570,LAA,8,,0,0,0,0,0,1,149,o,27,21.1,5.3,3.96,0,0.87,0.96,3.86,4.07,5,5,LAA,OF
2025,6354,663647,663647-2025,"Hayes, Ke'Bryan",28,R,570,CIN,5,,0,0,0,152,0,0,0,5,27,21.1,5.4,3.93,0,0.88,0.94,3.88,3.97,6,5,CIN,3B
2025,7126,668715,668715-2025,"Steer, Spencer",27,R,568,CIN,9,,0,122,0,0,0,17,11,o3,27,21,5.1,4.15,0,0.81,0.93,4.06,4.14,6,5,CIN,1B
2025,6586,668904,668904-2025,"Lewis, Royce",26,R,398,MIN,5,,0,0,0,99,0,6,0,5,19,21,5.1,4.11,0,0.84,0.89,3.95,4,7,5,MIN,3B
2025,7054,673237,673237-2025,"Diaz, Yainer",26,R,567,HOU,2,,113,0,0,0,0,25,0,20,27,21,5,4.2,0,0.82,0.88,4.11,4.14,6,5,HOU,C
2025,5353,606192,606192-2025,"Hernandez, Teoscar J",32,R,545,LAD,9,,0,0,0,0,0,0,133,o,26,21,5.1,4.13,0,0.81,0.93,4.13,4.07,4,3,LAD,OF
2025,5715,669720,669720-2025,"Hays, Austin",29,R,416,CIN,7,,0,0,0,0,0,40,61,o0,19,20.9,4.8,4.37,0.2,0.78,0.81,4.29,4.31,4,4,CWS,OF
2025,6681,663616,663616-2025,"Larnach, Trevor",28,L,562,MIN,7,,0,0,0,0,0,81,59,o0,27,20.9,4.8,4.35,0,0.92,0.39,4.24,3.93,2,3,MIN,OF
2025,6908,676475,676475-2025,"Burleson, Alec",26,L,544,STL,0,,0,50,0,0,0,22,74,03o,26,20.9,5,4.22,0,0.93,0.57,4.13,3.96,3,4,STL,"1B, OF"
2025,7052,672820,672820-2025,"Sosa, Lenyn",25,R,544,CHW,4,,0,42,99,3,0,11,0,43,26,20.9,5.1,4.12,0,0.82,0.95,3.98,4.06,6,6,CWS,"1B, 2B"
2025,6776,665833,665833-2025,"Cruz, Oneil",26,L,544,PIT,8,,0,0,0,0,0,3,125,o,26,20.9,4.7,4.42,0,0.91,0.37,4.27,4.08,1,1,PIT,OF
2025,7171,681297,681297-2025,"Cowser, Colton",25,L,360,BAL,7,,0,0,0,0,0,1,90,o,17,20.9,5.1,4.13,0.1,0.92,0.68,4.08,3.91,6,6,BAL,OF
2025,7813,680718,680718-2025,"Barger, Addison",25,L,501,TOR,9,,0,0,0,91,0,1,57,o5,24,20.9,4.9,4.28,0,0.92,0.44,4.12,3.94,4,6,TOR,"3B, OF"
2025,7012,669701,669701-2025,"Smith, Josh",27,L,562,TEX,4,,0,27,4,32,60,11,17,4356,27,20.8,4.6,4.5,0,0.9,0.39,4.38,3.81,1,7,TEX,"1B, 3B, SS"
2025,8006,682988,682988-2025,"Locklear, Tyler",24,R,116,ARI,3,,0,30,0,0,0,0,0,3,5,20.8,5,4.16,0.6,0.71,0.91,4.13,3.8,6,7,ARZ,1B
2025,4027,571448,571448-2025,"Arenado, Nolan",34,R,436,STL,5,,0,0,0,103,0,3,0,5,21,20.8,5,4.19,0,0.81,0.89,4.13,4.15,4,4,ARZ,3B
2025,6923,681082,681082-2025,"Stott, Bryson",27,L,560,PHI,4,,0,0,135,0,13,0,0,4,27,20.7,4.9,4.24,0,1,0.38,4.1,4.06,1,8,PHI,2B
2025,5209,643217,643217-2025,"Benintendi, Andrew",30,L,469,CHW,7,,0,0,0,0,0,44,69,o0,22,20.7,4.9,4.22,0.1,0.93,0.41,4.1,4.36,3,4,CWS,OF
2025,6853,666139,666139-2025,"Lowe, Josh",27,L,435,TBR,9,,0,0,0,0,0,4,103,o,21,20.7,4.8,4.31,0,0.9,0.57,4.25,3.95,5,7,LAA,OF
2025,6210,660821,660821-2025,"Sanchez, Jesus",27,L,497,HOU,7,,0,0,0,0,0,4,128,o,24,20.7,4.8,4.32,0,0.97,0.29,4.09,4.18,2,8,HOU,OF
2025,5936,643446,643446-2025,"McNeil, Jeff",33,L,462,NYM,4,,0,2,79,0,0,10,48,4o,22,20.7,5,4.14,0.1,0.95,0.55,3.95,3.91,5,8,ATH,"2B, OF"
2025,6145,573262,573262-2025,"Yastrzemski, Mike",34,L,558,KRC,9,,0,0,0,0,0,4,140,o,27,20.7,4.8,4.33,0,0.94,0.37,4.14,4.27,1,7,ATL,OF
2025,6813,676694,676694-2025,"Meyers, Jake",29,R,381,HOU,8,,0,0,0,0,0,0,104,o,18,20.7,5.2,4,0.1,0.86,0.88,3.92,4.13,7,7,HOU,OF
2025,5636,643565,643565-2025,"Tauchman, Mike",34,L,385,CHW,9,,0,0,0,0,0,19,73,o,18,20.6,4.6,4.51,0.2,0.86,0.38,4.37,4.11,1,7,CWS,OF
2025,7883,677942,677942-2025,"Alexander, Blaze",26,R,266,ARI,5,,0,0,14,54,0,1,6,5,13,20.5,5.2,3.97,0,0.82,0.92,3.96,3.96,8,6,ARZ,3B
2025,7172,681393,681393-2025,"Norby, Connor",25,R,337,MIA,5,,0,0,0,82,0,3,0,5,16,20.4,4.8,4.25,0.1,0.75,0.86,4.06,4.2,6,5,MIA,3B
2025,8368,691720,691720-2025,"Karros, Kyle",22,R,156,COL,5,,0,0,0,42,0,1,0,5,7,20.4,5.4,3.76,0.4,0.86,0.8,3.73,3.75,7,8,COL,3B
2025,6248,663624,663624-2025,"Mountcastle, Ryan",28,R,357,BAL,3,,0,56,0,0,0,33,0,30,17,20.4,4.6,4.38,0.2,0.71,0.96,4.22,4.17,4,4,BAL,1B
2025,2567,457705,457705-2025,"McCutchen, Andrew",38,R,549,PIT,0,,0,0,0,0,0,120,7,0,27,20.3,4.7,4.32,0,0.72,1,4.26,4.25,2,2,PIT,UT
2025,4489,592663,592663-2025,"Realmuto, J.T.",34,R,549,PHI,2,,132,0,0,0,0,1,0,2,27,20.3,4.8,4.22,0,0.78,0.85,4.07,4.24,7,5,PHI,C
2025,6373,662139,662139-2025,"Varsho, Daulton",28,L,271,TOR,8,,0,0,0,0,0,1,68,o,13,20.3,4.8,4.26,0.2,0.86,0.5,4.23,4.11,5,6,TOR,OF
2025,8154,692225,692225-2025,"Campbell, Kristian",23,R,263,BOS,4,,0,0,59,0,0,1,9,4,13,20.2,4.9,4.11,0,0.76,0.95,4.07,4,6,9,BOS,2B
2025,7815,677800,677800-2025,"Abreu, Wilyer",26,L,417,BOS,9,,0,0,0,0,0,4,104,o,20,20.2,4.7,4.34,0.2,0.97,0.24,4.01,4.43,5,7,BOS,OF
2025,6707,657757,657757-2025,"Sheets, Gavin",29,L,545,SDP,0,,0,13,0,0,0,63,64,0o,27,20.2,4.8,4.19,0,0.9,0.57,4.02,4.07,6,6,SD,OF
2025,5731,656811,656811-2025,"O'Hearn, Ryan",31,L,544,SDP,3,,0,75,0,0,0,49,23,3o0,27,20.1,4.7,4.25,0,0.97,0.36,4.09,3.77,4,5,PIT,"1B, OF"
2025,6585,671289,671289-2025,"Freeman, Tyler",26,R,428,COL,o,,0,0,17,1,0,28,66,o0,21,20.1,4.6,4.36,0,0.75,0.85,4.25,4.14,1,1,COL,OF
2025,7879,686611,686611-2025,"Crews, Dylan",23,R,322,WAS,9,,0,0,0,0,0,2,83,o,16,20.1,5.2,3.88,0,0.84,0.86,3.9,3.84,7,6,WAS,OF
2025,8255,695734,695734-2025,"Lile, Daylen",22,L,350,WAS,8,,0,0,0,0,0,15,75,o,17,20.1,4.6,4.39,0.2,0.85,0.56,4.1,3.72,7,7,WAS,OF
2025,5528,623993,623993-2025,"Santander, Anthony",30,B,221,TOR,0,,0,1,0,0,0,30,22,0o,11,20.1,4.7,4.25,0,0.78,0.86,4.25,4.08,3,3,TOR,OF
2025,6618,672356,672356-2025,"Arias, Gabriel",25,R,471,CLE,4,,0,0,28,8,106,0,0,46,23,20,5.3,3.81,0.1,0.84,0.95,3.85,3.63,7,6,CLE,"2B, SS"
2025,6049,650859,650859-2025,"Rengifo, Luis",28,B,541,LAA,5,,0,0,74,76,1,1,10,54,27,20,4.9,4.07,0,0.83,0.79,3.92,4.09,7,6,LAA,"2B, 3B"
2025,8043,805373,805373-2025,"Alvarez, Ignacio",22,R,208,ATL,4,,0,0,0,58,0,0,0,45,10,20,5.2,3.85,0.2,0.82,0.94,3.7,3.67,8,8,ATL,3B
2025,7230,686668,686668-2025,"Doyle, Brenton",27,R,538,COL,8,,0,0,0,0,0,4,131,o,27,19.9,4.7,4.2,0,0.77,0.86,4.11,4.11,5,5,COL,OF
2025,5926,670541,670541-2025,"Alvarez, Yordan",28,L,199,HOU,0,,0,0,0,0,0,32,15,0,10,19.9,4.7,4.23,0,0.83,0.73,4.15,4.5,3,2,HOU,UT
2025,7094,681481,681481-2025,"Carpenter, Kerry",27,L,460,DET,9,,0,0,0,0,0,47,79,o0,23,19.9,4.7,4.27,0,0.98,0.14,3.93,4,3,6,DET,OF
2025,7235,682653,682653-2025,"Bernabel, Warming",23,R,146,COL,3,,0,37,0,2,0,2,0,3,7,19.9,5,3.97,0.3,0.82,0.73,3.89,4,6,5,COL,1B
2025,5084,605137,605137-2025,"Bell, Josh",32,B,533,WAS,3,,0,33,0,0,0,98,0,30,27,19.7,4.7,4.2,0,0.91,0.48,4.08,3.78,3,4,MIN,1B
2025,6752,682657,682657-2025,"Martinez, Angel",23,B,484,CLE,8,,0,0,37,0,0,0,114,o4,24,19.7,4.6,4.3,0.1,0.65,1,3.9,4.02,9,2,CLE,"2B, OF"
2025,7389,700932,700932-2025,"Manzardo, Kyle",24,L,531,CLE,3,,0,56,0,0,0,81,0,30,27,19.7,4.4,4.46,0,0.92,0.26,4.13,4.08,4,5,CLE,1B
2025,3872,502671,502671-2025,"Goldschmidt, Paul",37,R,531,NYY,3,,0,139,0,0,0,3,1,3,27,19.7,4.3,4.62,0,0.63,1,4.23,4.53,4,1,NYY,1B
2025,7831,700246,700246-2025,"Williams, Carson",22,R,106,TBR,6,,0,0,0,0,32,0,0,6,5,19.6,5.4,3.63,0.4,0.77,1,3.59,3.5,8,9,TB,SS
2025,8017,700250,700250-2025,"Rice, Benjamin",26,L,528,NYY,3,,36,50,0,0,0,48,0,320,27,19.6,4.4,4.4,0,0.83,0.42,4.3,4.07,2,2,NYY,"C, 1B"
2025,7033,676059,676059-2025,"Westburg, Jordan",26,R,352,BAL,5,,0,0,17,52,0,16,0,5,18,19.6,4.6,4.24,0,0.78,0.79,4.11,4.26,2,2,BAL,3B
2025,6525,671277,671277-2025,"Garcia, Luis",25,L,526,WAS,4,,0,2,129,0,0,2,0,4,27,19.5,4.6,4.24,0,0.91,0.42,4.13,3.65,3,6,WAS,2B
2025,7213,687401,687401-2025,"Ortiz, Joey",26,R,506,MIL,6,,0,0,0,0,149,0,0,6,26,19.5,5.4,3.61,0,0.89,0.96,3.53,3.65,9,9,MLW,SS
2025,6196,673357,673357-2025,"Robert, Luis",27,R,428,CHW,8,,0,0,0,0,0,4,105,o,22,19.5,4.8,4.08,0,0.77,0.91,3.99,4.14,4,2,NYM,OF
2025,6002,665926,665926-2025,"Gimenez, Andres",26,L,369,TOR,4,,0,0,87,0,15,0,0,4,19,19.4,4.9,3.93,0,0.91,0.56,3.84,3.93,9,9,TOR,2B
2025,4672,593871,593871-2025,"Polanco, Jorge",31,B,524,SEA,3,,0,1,38,5,0,88,0,340,27,19.4,4.7,4.16,0,0.89,0.51,4.09,4,2,5,NYM,2B
2025,4908,571970,571970-2025,"Muncy, Max",34,L,388,LAD,5,,0,0,0,97,0,0,0,5,20,19.4,4.5,4.31,0,0.89,0.38,4.2,4.07,5,7,LAD,3B
2025,6695,669394,669394-2025,"Burger, Jake",29,R,376,TEX,3,,0,91,0,0,0,10,0,3,19,19.4,4.8,4.04,0.1,0.78,0.85,3.91,3.86,7,4,TEX,1B
2025,8191,695506,695506-2025,"Caglianone, Jac",22,L,232,KRC,9,,0,10,0,0,0,7,52,o,12,19.3,4.6,4.22,0,0.82,0.65,4,3.55,6,6,KC,OF
2025,5900,656775,656775-2025,"Mullins II, Cedric",30,L,498,NYM,8,,0,0,0,0,0,2,130,o,26,19.2,4.6,4.19,0,0.85,0.55,3.97,4.08,7,8,TB,OF
2025,7142,670242,670242-2025,"Wallner, Matt",27,L,392,MIN,9,,0,0,0,0,0,15,85,o,20,19.2,4.7,4.07,0.1,0.87,0.48,4,3.92,6,5,MIN,OF
2025,6787,677587,677587-2025,"Rocchio, Brayan",24,B,383,CLE,6,,0,0,50,0,72,0,0,64,20,19.2,5.2,3.68,0,0.83,0.97,3.6,3.48,9,9,CLE,"2B, SS"
2025,8099,676572,676572-2025,"Wagaman, Eric",27,R,514,MIA,5,,0,117,0,3,0,10,22,53o,27,19,4.3,4.39,0,0.61,1,4.13,4.15,6,4,MIN,"1B, OF"
2025,7947,807713,807713-2025,"Shaw, Matt",23,R,437,CHC,5,,0,0,4,124,0,0,0,5,23,19,5,3.8,0,0.81,0.89,3.81,3.47,9,9,CHC,3B
2025,5947,657656,657656-2025,"Laureano, Ramon",30,R,488,SDP,9,,0,0,0,0,0,9,120,o,25,19,4.6,4.12,0.1,0.7,0.93,3.91,4.1,5,4,SD,OF
2025,8212,663968,663968-2025,"Mangum, Jake",29,B,428,TBR,7,,0,0,0,0,0,1,116,o,22,19,4.5,4.21,0.1,0.81,0.61,4.09,3.73,6,8,PIT,OF
2025,6392,656716,656716-2025,"McKinstry, Zach",30,L,511,DET,5,,0,1,6,85,40,3,43,56o,27,18.9,4.7,4.02,0,0.85,0.6,3.84,3.8,6,6,DET,"3B, SS, OF"
2025,6054,664034,664034-2025,"France, Ty",30,R,490,TOR,0,,0,124,1,0,0,5,0,03,26,18.8,4.3,4.38,0,0.68,0.93,4.12,4,6,5,TOR,1B
2025,8103,694212,694212-2025,"Basallo, Samuel",20,L,118,BAL,2,,22,2,0,0,0,7,0,2,6,18.8,4.7,4.04,0.2,0.86,0.33,3.96,3.67,5,7,BAL,C
2025,6794,678009,678009-2025,"Meadows, Parker",25,L,213,DET,8,,0,0,0,0,0,0,57,o,11,18.8,4.6,4.06,0.2,0.84,0.65,3.92,3.69,1,9,DET,OF
2025,6565,668901,668901-2025,"Vientos, Mark",25,R,463,NYM,3,,0,3,0,72,0,44,0,350,24,18.8,4.5,4.17,0.1,0.69,0.91,4.15,3.74,5,4,NYM,3B
2025,6407,672386,672386-2025,"Kirk, Alejandro",26,R,506,TOR,2,,118,0,0,0,0,7,0,2,27,18.7,4.3,4.33,0,0.68,0.85,4.19,4.12,5,4,TOR,C
2025,7119,669911,669911-2025,"Toglia, Michael",26,B,337,COL,3,,0,86,0,0,0,2,0,3,18,18.7,4.6,4.06,0,0.79,0.77,3.93,4,5,4,COL,1B
2025,6793,671213,671213-2025,"Casas, Triston",25,L,112,BOS,3,,0,28,0,0,0,0,0,3,6,18.7,4.3,4.31,0,0.87,0,3.92,0,4,,BOS,1B
2025,3373,519317,519317-2025,"Stanton, Giancarlo",35,R,280,NYY,0,,0,0,0,0,0,47,20,0o,15,18.7,4.3,4.31,0,0.63,1,4.11,4.11,4,4,NYY,OF
2025,6161,669242,669242-2025,"Edman, Tommy",30,B,377,LAD,4,,0,0,66,13,0,1,25,4o,20,18.7,4.5,4.14,0.1,0.69,0.94,3.98,4.18,8,5,LAD,"2B, OF"
2025,6255,666158,666158-2025,"Lux, Gavin",27,L,503,CIN,4,,0,0,17,6,0,59,54,4o0,27,18.6,4.7,3.93,0,0.98,0.29,3.83,3.62,5,7,TB,OF
2025,8128,672016,672016-2025,"Clarke, Denzel",25,R,159,ATH,o,,0,0,0,0,0,0,47,o,8,18.6,5.1,3.63,0.4,0.85,1,3.62,3.29,9,9,ATH,OF
2025,7959,687363,687363-2025,"Scott, Victor",24,L,463,STL,8,,0,0,0,0,0,0,138,o,25,18.5,5.2,3.56,0,0.91,0.71,3.6,3.61,9,9,STL,OF
2025,7861,691728,691728-2025,"Veen, Zac",23,L,37,COL,o,,0,0,0,0,0,0,10,o,2,18.5,5,3.7,0,0.89,0.67,3.75,3.5,7,9,COL,OF
2025,6037,660688,660688-2025,"Ruiz, Keibert",26,B,267,WAS,2,,66,0,0,0,0,0,0,2,14,18.5,4.4,4.25,0.1,0.82,0.46,4.14,3.9,4,3,WAS,C
2025,4721,624585,624585-2025,"Soler, Jorge",33,R,314,LAA,9,,0,0,0,0,0,37,40,o0,17,18.5,4.4,4.19,0,0.76,0.72,4.15,3.92,4,4,LAA,OF
2025,8221,810938,810938-2025,"Williamson, Ben",24,R,295,SEA,5,,0,0,0,85,0,0,0,5,16,18.4,4.9,3.73,0,0.75,1,3.63,3.68,8,9,SEA,3B
2025,5393,664056,664056-2025,"Bader, Harrison",31,R,497,PHI,8,,0,0,0,0,0,0,141,o,27,18.4,4.5,4.11,0,0.69,0.95,3.95,3.97,9,6,SF,OF
2025,6531,680777,680777-2025,"Jeffers, Ryan",28,R,460,MIN,2,,88,0,0,0,0,28,0,20,25,18.4,4.2,4.42,0,0.64,0.91,4.25,4.24,5,2,MIN,C
2025,7276,688760,688760-2025,"Crim, Blaine",28,R,74,COL,3,,0,17,0,0,0,3,0,3,3,18.3,4.3,4.23,1.7,0.67,1,4.1,3.33,3,9,COL,1B
2025,8056,695681,695681-2025,"Moore, Christian",22,R,184,LAA,4,,0,0,53,0,0,0,0,4,9,18.3,4.4,4.13,0.3,0.7,0.83,3.87,4,8,7,LAA,2B
2025,6391,663886,663886-2025,"Stephenson, Tyler",28,R,347,CIN,2,,70,0,0,0,0,17,0,2,18,18.3,4.3,4.27,0.3,0.68,0.79,4.04,4.35,7,6,CIN,C
2025,8155,691781,691781-2025,"House, Brady",22,R,274,WAS,5,,0,0,0,72,0,0,0,5,15,18.3,4.6,3.97,0,0.7,0.89,3.93,3.76,6,7,WAS,3B
2025,8196,701358,701358-2025,"Smith, Cam",22,R,493,HOU,9,,0,0,0,0,0,1,132,o,27,18.3,4.5,4.04,0,0.7,0.97,3.94,3.84,8,8,HOU,OF
2025,8088,669326,669326-2025,"Teodosio, Bryce",26,R,150,LAA,o,,0,0,0,0,0,0,50,o,8,18.3,5.9,3.11,0.3,0.93,1,3.15,2.86,9,9,LAA,OF
2025,5764,642731,642731-2025,"Estrada, Thairo",29,R,165,COL,4,,0,0,39,0,0,0,0,4,8,18.3,4.3,4.29,0.6,0.67,0.77,4.17,4.6,5,4,COL,2B
2025,5391,656555,656555-2025,"Hoskins, Rhys D",32,R,328,MIL,3,,0,82,0,0,0,2,0,3,18,18.2,4.4,4.15,0,0.67,0.9,3.9,4.07,6,4,MLW,1B
2025,5306,600869,600869-2025,"Candelario, Jeimer",31,B,91,CIN,5,,0,8,0,12,0,3,0,5,5,18.2,4.4,4.14,0,0.76,0.86,4.13,4.17,5,5,CIN,3B
2025,5161,657077,657077-2025,"Verdugo, Alex B",29,L,213,ATL,7,,0,0,0,0,0,0,54,o,11,18.1,4.2,4.33,0.3,0.8,0.33,3.95,4.33,1,1,N/A,N/A
2025,3406,467793,467793-2025,"Santana, Carlos",39,B,474,CHC,3,,0,102,0,1,0,19,0,3,26,18.1,4.3,4.23,0.1,0.65,0.93,4.08,4.1,5,4,CHC,1B
2025,6243,650489,650489-2025,"Castro, Willi",28,B,450,CHC,9,,0,0,47,23,5,0,75,o45,25,18,4.4,4.14,0,0.75,0.66,4.06,3.74,7,3,COL,"2B, 3B, OF"
2025,6750,694377,694377-2025,"Yorke, Nick",23,R,72,PIT,4,,0,6,14,1,0,0,4,4,4,18,4.8,3.79,0,0.71,1,3.75,3.43,7,7,PIT,2B
2025,7930,690993,690993-2025,"Keith, Colt",23,L,468,DET,0,,0,18,26,37,0,51,0,045,26,18,4.3,4.18,0,0.89,0.21,3.77,3.88,1,6,DET,"2B, 3B"
2025,4982,624424,624424-2025,"Conforto, Michael",32,L,486,LAD,7,,0,0,0,0,0,0,132,o,27,18,4.5,3.98,0,0.93,0.33,3.76,3.94,7,7,LAD,OF
2025,8166,691019,691019-2025,"Teel, Kyle",23,L,297,CHW,2,,61,0,0,0,0,14,1,2,16,17.9,4.1,4.35,0.2,0.85,0.17,4.13,3.75,2,7,CWS,C
2025,7195,691023,691023-2025,"Walker, Jordan",23,R,396,STL,7,,0,0,0,0,0,1,108,o,21,17.9,4.4,4.04,0.2,0.69,0.87,3.91,3.85,7,7,STL,OF
2025,7375,680869,680869-2025,"Gelof, Zack",25,R,101,ATH,4,,0,0,30,0,0,0,0,4,5,17.8,4.6,3.87,0.6,0.76,0.78,3.75,4,9,8,ATH,2B
2025,3818,518934,518934-2025,"LeMahieu, DJ",36,R,142,NYY,4,,0,0,45,0,0,0,0,4,8,17.8,4.4,4.06,0,0.61,1,3.74,4.08,9,7,N/A,N/A
2025,6784,672515,672515-2025,"Moreno, Gabriel",25,R,309,ARI,2,,75,0,0,0,0,8,0,2,17,17.7,4.1,4.3,0.1,0.66,0.76,4.17,4.09,6,7,ARZ,C
2025,6242,647351,647351-2025,"Toro, Abraham",28,B,284,BOS,3,,0,68,0,16,0,0,0,3,16,17.7,4.3,4.16,0,0.77,0.6,4.02,3.78,7,8,N/A,N/A
2025,5853,643396,643396-2025,"Kiner-Falefa, Isiah",30,R,459,TOR,6,,0,0,13,32,95,0,0,65,26,17.7,4.8,3.7,0,0.74,0.97,3.62,3.59,9,9,TOR,"3B, SS"
2025,6596,673490,673490-2025,"Kim, Ha-seong",29,R,191,ATL,6,,0,0,5,0,43,0,0,6,10,17.6,4.3,4.09,0.4,0.71,0.81,3.8,4.46,5,5,ATL,SS
2025,4955,596146,596146-2025,"Kepler, Max",32,L,474,PHI,7,,0,0,0,0,0,0,125,o,27,17.6,4.1,4.27,0,0.93,0.1,4.03,4,6,6,PHI,OF
2025,6036,669257,669257-2025,"Smith, Will",30,R,436,LAD,2,,101,0,0,0,0,1,0,2,25,17.4,3.9,4.45,0,0.62,0.74,4.33,4.28,4,3,LAD,C
2025,6563,682626,682626-2025,"Alvarez, Francisco",23,R,277,NYM,2,,74,0,0,0,0,1,0,2,15,17.4,4.2,4.14,0.3,0.7,0.62,4,3.94,7,7,NYM,C
2025,7322,672275,672275-2025,"Bailey, Patrick",26,B,452,SFG,2,,132,0,0,0,0,0,0,2,26,17.4,4.4,3.97,0,0.75,0.67,3.83,3.64,8,8,SF,C
2025,6871,677950,677950-2025,"Thomas, Alek",25,L,469,ARI,8,,0,0,0,0,0,1,139,o,27,17.4,4.6,3.81,0,0.93,0.33,3.69,3.8,8,8,ARZ,OF
2025,7112,681351,681351-2025,"O'Hoppe, Logan",25,R,451,LAA,2,,99,0,0,0,0,9,0,2,26,17.3,4.1,4.22,0,0.69,0.68,4.07,4.16,6,5,LAA,C
2025,7188,693307,693307-2025,"Dingler, Dillon",26,R,468,DET,2,,118,0,0,0,0,3,0,2,27,17.3,4.1,4.22,0,0.68,0.71,3.98,3.93,7,7,DET,C
2025,7065,686681,686681-2025,"Massey, Michael",27,L,277,KRC,4,,0,0,60,0,0,4,14,4,16,17.3,4.3,4.01,0,0.79,0.4,3.85,4,5,8,KC,2B
2025,8398,695600,695600-2025,"Jensen, Carter",21,L,69,KRC,2,,10,0,0,0,0,9,0,2,4,17.3,4,4.31,0,0.72,0.43,3.92,4.67,8,8,KC,C
2025,8083,665052,665052-2025,"Conine, Griffin",27,L,86,MIA,7,,0,0,0,0,0,1,23,o,5,17.2,4.2,4.1,0,1,0.4,3.65,4.5,6,8,MIA,OF
2025,4211,527038,527038-2025,"Flores, Wilmer",33,R,463,SFG,0,,0,30,0,2,0,83,0,03,27,17.1,3.9,4.37,0,0.54,0.96,4.16,4.12,5,5,SF,1B
2025,7229,807799,807799-2025,"Yoshida, Masataka",31,L,205,BOS,0,,0,0,0,0,0,44,6,0,12,17.1,4.1,4.18,0,0.88,0.2,4.07,3.75,5,7,BOS,UT
2025,6557,666160,666160-2025,"Moniak, Mickey",27,L,461,COL,9,,0,0,0,0,0,14,117,o,27,17.1,4.2,4.08,0,0.87,0.21,3.84,4,2,7,COL,OF
2025,8263,681715,681715-2025,"Hernandez, Heriberto",25,R,294,MIA,7,,0,0,0,0,0,33,49,o0,17,17,4.1,4.13,0.1,0.52,1,3.95,3.72,7,4,MIA,OF
2025,5297,624428,624428-2025,"Frazier, Adam",33,L,459,KRC,4,,0,0,79,7,0,8,39,4o,27,17,4,4.21,0,0.8,0.24,3.9,4,6,7,KC,"2B, OF"
2025,7156,694497,694497-2025,"Carter, Evan",22,L,220,TEX,8,,0,0,0,0,0,2,60,o,13,16.9,3.9,4.31,0,0.82,0.06,4.02,4,5,9,TEX,OF
2025,8125,691777,691777-2025,"Muncy, Max P",22,R,220,ATH,5,,0,0,23,32,7,0,0,54,13,16.9,4.3,3.93,0,0.74,0.71,3.85,3.8,5,5,ATH,"2B, 3B"
2025,6548,656976,656976-2025,"Smith, Pavin",29,L,287,ARI,0,,0,36,0,0,0,47,0,03,17,16.9,4.4,3.88,0,0.95,0.14,3.7,3.75,3,7,ARZ,1B
2025,6390,671221,671221-2025,"Waters, Drew",26,B,219,KRC,7,,0,0,0,0,0,0,68,o,13,16.8,4.2,3.98,0,0.73,0.4,3.69,3.5,7,9,KC,OF
2025,6274,669016,669016-2025,"Marsh, Brandon",27,L,424,PHI,8,,0,0,0,0,0,0,131,o,25,16.8,4.1,4.12,0,0.88,0.22,3.7,3.5,9,8,PHI,OF
2025,8173,700337,700337-2025,"Quero, Edgar",22,B,403,CHW,2,,72,0,0,0,0,29,0,20,24,16.8,3.8,4.38,0,0.52,0.97,3.98,4.06,5,3,CWS,C
2025,7875,666149,666149-2025,"Fitzgerald, Tyler",27,R,243,SFG,4,,0,0,69,0,0,0,3,4,14,16.8,4.6,3.67,0.2,0.69,0.88,3.56,3.67,9,8,SF,2B
2025,6885,669357,669357-2025,"Gorman, Nolan",25,L,402,STL,4,,0,7,28,54,0,22,0,450,23,16.8,4,4.2,0.1,0.76,0.42,3.99,3.83,7,6,STL,"3B, 2B"
2025,4377,592626,592626-2025,"Pederson, Joc R",33,L,305,TEX,0,,0,4,0,0,0,82,1,0,18,16.7,4.3,3.91,0.1,0.95,0,3.65,0,3,,TEX,UT
2025,7254,670224,670224-2025,"Misner, Kameron",27,L,217,TBR,8,,0,0,0,0,0,1,68,o,13,16.7,4.4,3.81,0,0.91,0.27,3.71,3.5,6,7,N/A,N/A
2025,8381,691185,691185-2025,"Acosta, Maximo",22,R,61,MIA,6,,0,0,6,11,6,0,0,6,3,16.7,5,3.33,1,0.71,0.83,3.4,3.2,9,8,MIA,3B
2025,7886,695336,695336-2025,"Saggese, Thomas",23,R,295,STL,6,,0,0,35,18,33,1,0,64,17,16.6,4,4.16,0.2,0.61,0.83,4.06,3.63,6,7,STL,"2B, SS"
2025,4765,502054,502054-2025,"Pham, Tommy",37,R,449,PIT,7,,0,0,0,0,0,2,117,o,27,16.6,3.9,4.24,0,0.61,0.81,4.12,3.93,4,7,PIT,OF
2025,6564,683146,683146-2025,"Baty, Brett",25,L,431,NYM,5,,0,0,57,87,0,3,0,54,26,16.6,4.1,4.07,0,0.83,0.35,3.73,4.13,7,7,NYM,"2B, 3B"
2025,7825,669224,669224-2025,"Wells, Austin",25,L,447,NYY,2,,122,0,0,0,0,1,0,2,27,16.6,4.1,4.03,0,0.65,0.81,3.93,3.86,7,8,NYY,C
2025,8047,665966,665966-2025,"Narvaez, Carlos",26,R,446,BOS,2,,112,0,0,0,0,2,0,2,27,16.5,3.8,4.33,0,0.62,0.68,3.97,4.1,9,8,BOS,C
2025,8134,686948,686948-2025,"Baldwin, Drake",24,L,446,ATL,2,,97,0,0,0,0,12,0,2,27,16.5,3.6,4.65,0,0.73,0.21,4.23,4.33,4,5,ATL,C
2025,6772,691176,691176-2025,"Dominguez, Jasson",22,B,429,NYY,7,,0,0,0,0,0,15,100,o,26,16.5,3.9,4.21,0,0.7,0.5,4,4.12,6,7,NYY,OF
2025,7880,690987,690987-2025,"Hassell III, Robert",23,L,206,WAS,8,,0,0,0,0,0,2,63,o,12,16.4,4.2,3.94,0.2,0.81,0.44,3.79,3.25,9,9,WAS,OF
2025,7221,664770,664770-2025,"Lukes, Nathan",30,L,438,TOR,7,,0,0,0,0,0,1,131,o,26,16.4,3.8,4.35,0.1,0.8,0.1,3.89,4.25,1,7,TOR,OF
2025,6494,665750,665750-2025,"Taveras, Leody",26,B,180,SEA,o,,0,0,0,0,0,0,57,o,11,16.4,4.4,3.75,0,0.84,0.41,3.51,4,7,9,BAL,OF
2025,8101,686555,686555-2025,"Collins, Isaac",27,B,441,MIL,7,,0,0,1,2,0,2,115,o,27,16.3,3.7,4.41,0,0.59,0.7,4.08,3.91,6,2,KC,OF
2025,8271,805249,805249-2025,"Kemp, Otto",25,R,218,PHI,5,,0,17,2,31,0,0,11,5,13,16.3,4,4.08,0.2,0.56,0.92,3.93,3.68,8,7,PHI,3B
2025,5741,649966,649966-2025,"Urias, Luis",28,R,327,ATH,5,,0,0,87,9,0,0,0,54,20,16.3,4.3,3.78,0.1,0.68,0.76,3.72,3.63,7,7,N/A,N/A
2025,8290,692216,692216-2025,"Kayfus, C.J.",23,L,138,CLE,3,,0,17,0,0,0,2,29,3o,8,16.3,4.5,3.61,0.3,0.87,0.23,3.33,4,8,7,CLE,OF
2025,8338,690976,690976-2025,"Freeland, Alex",23,B,97,LAD,5,,0,0,15,17,0,0,0,5,6,16.2,4.2,3.88,0,0.82,0.3,3.55,3.67,8,9,LAD,3B
2025,8041,681460,681460-2025,"Baldwin, Brooks",24,B,328,CHW,8,,0,0,10,15,10,0,79,o,20,16.2,4.2,3.85,0,0.78,0.42,3.62,3.85,8,8,CWS,OF
2025,4521,595879,595879-2025,"Baez, Javier",32,R,436,DET,6,,0,0,10,23,62,0,53,65o,27,16.1,4.2,3.86,0,0.62,0.91,3.72,3.53,9,9,DET,"3B, SS, OF"
2025,6399,668709,668709-2025,"Bleday, J.J.",27,L,344,ATH,o,,0,0,0,0,0,0,87,o,21,16.1,3.7,4.4,0,0.67,0.41,4.06,4.07,5,6,CIN,OF
2025,8320,683227,683227-2025,"Freeman, Cody",24,R,121,TEX,4,,0,0,24,6,0,4,9,4,7,16.1,4,4.04,0.3,0.55,0.92,3.88,3.55,8,2,TEX,2B
2025,7249,663368,663368-2025,"Perkins, Blake",28,B,171,MIL,o,,0,0,0,0,0,1,52,o,10,16.1,3.7,4.35,0.2,0.57,0.65,4.27,3.55,8,8,MLW,OF
2025,6385,641680,641680-2025,"Heim, Jonah",30,B,433,TEX,2,,96,0,0,0,0,27,0,20,27,16,4.1,3.87,0,0.64,0.83,3.78,3.79,8,6,TEX,C
2025,6328,669397,669397-2025,"Allen, Nick",26,R,416,ATL,6,,0,0,5,0,130,0,0,6,26,16,4.8,3.3,0,0.77,0.88,3.34,3.08,9,9,HOU,SS
2025,5167,645302,645302-2025,"Robles, Victor",28,R,114,SEA,o,,0,0,0,0,0,0,31,o,6,16,3.7,4.36,0.7,0.52,0.83,4.33,3.7,1,1,SEA,OF
2025,6696,670764,670764-2025,"Walls, Taylor",28,B,317,TBR,6,,0,0,5,1,94,1,0,6,20,15.9,4.1,3.91,0,0.65,0.76,3.86,3.56,8,9,TB,SS
2025,7285,669477,669477-2025,"Schmitt, Casey",26,R,348,SFG,4,,0,18,53,26,1,1,0,45,22,15.8,3.9,4.09,0,0.56,0.89,3.92,3.85,7,6,SF,"2B, 3B"
2025,7362,669707,669707-2025,"Triolo, Jared",27,R,376,PIT,6,,0,24,11,32,47,1,0,635,23,15.8,4,3.9,0.1,0.56,1,3.95,3.66,1,8,PIT,"1B, 3B, SS"
2025,7373,686527,686527-2025,"Canzone, Dominic",27,L,268,SEA,9,,0,0,0,0,0,8,70,o,17,15.8,4,3.94,0,0.81,0.24,3.61,3.71,7,8,SEA,OF
2025,6571,664728,664728-2025,"Isbel, Kyle",28,L,409,KRC,8,,0,0,0,0,0,0,135,o,26,15.7,4.5,3.47,0,0.84,0.35,3.4,3.1,9,9,KC,OF
2025,6381,602104,602104-2025,"Urias, Ramon",31,R,391,HOU,5,,0,3,26,78,0,2,0,54,25,15.6,3.6,4.3,0,0.56,0.71,3.86,4.03,9,5,HOU,"2B, 3B"
2025,8005,682177,682177-2025,"Schneemann, Daniel",28,L,422,CLE,4,,0,0,74,27,11,2,38,45o,27,15.6,3.9,4.02,0,0.84,0.17,3.79,3.63,2,8,CLE,"2B, 3B, OF"
2025,7852,691723,691723-2025,"Mayo, Coby",23,R,294,BAL,3,,0,70,0,3,0,9,0,3,18,15.6,4.1,3.85,0.2,0.57,0.88,3.8,3.55,9,7,BAL,1B
2025,6774,669003,669003-2025,"Mitchell, Garrett",26,L,78,MIL,o,,0,0,0,0,0,0,25,o,5,15.6,4.2,3.71,0,0.83,0.55,3.67,3.17,7,7,MLW,OF
2025,5378,608348,608348-2025,"Kelly, Carson",30,R,421,CHC,2,,105,0,0,0,0,3,0,2,27,15.6,3.7,4.21,0,0.54,0.83,4.03,4.14,5,4,CHC,C
2025,8122,702284,702284-2025,"Young, Cole",21,L,257,SEA,4,,0,0,73,0,1,0,0,4,16,15.6,4.1,3.83,0.1,0.79,0.36,3.66,3.6,9,9,SEA,2B
2025,6466,641943,641943-2025,"Palacios, Josh",29,L,145,CHW,9,,0,0,0,0,0,4,47,o,9,15.6,4.3,3.59,0.1,0.76,0.42,3.41,3.6,5,6,N/A,N/A
2025,7366,667472,667472-2025,"Myers, Dane",29,R,333,MIA,7,,0,0,0,0,0,1,102,o,21,15.5,3.8,4.13,0.1,0.54,0.88,3.72,3.55,9,6,CIN,OF
2025,5637,609280,609280-2025,"Andujar, Miguel",30,R,341,CIN,o,,0,3,0,32,0,27,32,o50,22,15.5,3.6,4.32,0,0.51,0.93,4.02,4.04,6,5,CIN,"3B, OF"
2025,6355,666134,666134-2025,"Jones, Nolan",27,L,403,CLE,9,,0,0,0,0,0,1,130,o,26,15.5,3.9,3.95,0,0.74,0.42,3.58,3.67,5,9,CLE,OF
2025,6619,666310,666310-2025,"Naylor, Bo",25,L,418,CLE,2,,120,0,0,0,0,0,0,2,27,15.5,3.8,4.06,0,0.77,0.3,3.75,3.71,8,8,CLE,C
2025,7827,677347,677347-2025,"Paris, Kyren",23,R,139,LAA,4,,0,0,19,0,0,1,24,4o,9,15.4,4.2,3.66,0,0.76,0.57,3.5,3,9,8,LAA,OF
2025,6019,669221,669221-2025,"Murphy, Sean",30,R,337,ATL,2,,76,0,0,0,0,7,0,2,22,15.3,3.5,4.38,0,0.45,0.92,4.16,3.97,6,6,ATL,C
2025,8270,690022,690022-2025,"Ritter, Ryan",24,R,207,COL,6,,0,0,29,0,30,0,0,64,12,15.3,4.4,3.45,0.5,0.71,0.75,3.45,3.67,9,9,COL,"2B, SS"
2025,7104,665828,665828-2025,"Cabrera, Oswaldo",26,B,122,NYY,5,,0,2,0,33,0,0,2,5,8,15.3,3.8,4.07,0,0.81,0,3.9,0,9,,N/A,N/A
2025,7018,665019,665019-2025,"Clemens, Kody",29,L,382,MIN,3,,0,58,50,0,0,1,22,34o,25,15.2,3.6,4.19,0,0.69,0.33,3.86,4,7,5,MIN,"OF, 2B, 1B"
2025,7301,666397,666397-2025,"Julien, Edouard",26,L,208,MIN,4,,0,26,25,0,1,10,0,43,13,15.2,3.7,4.13,0.2,0.65,0.35,3.83,3.29,1,9,COL,"1B, 2B"
2025,5210,660162,660162-2025,"Moncada, Yoan",30,B,289,LAA,5,,0,0,0,76,0,1,0,5,19,15.2,3.8,3.96,0,0.72,0.24,3.75,4.25,3,3,LAA,3B
2025,7334,677008,677008-2025,"Kjerstad, Heston",26,L,167,BAL,9,,0,0,0,0,0,1,51,o,11,15.2,4.2,3.63,0,0.83,0.41,3.49,3.29,8,8,BAL,OF
2025,5388,642086,642086-2025,"Smith, Dominic",30,L,225,SFG,3,,0,53,0,0,0,6,1,3,15,15,3.5,4.33,0,0.76,0.08,4,4.5,4,6,N/A,N/A
2025,7891,672359,672359-2025,"Ornelas, Tirso",25,L,16,SDP,0,,0,0,0,0,0,1,6,0,1,15,5,3,0,0.83,0,2.8,0,5,,SD,OF
2025,7817,696285,696285-2025,"Young, Jacob",25,R,364,WAS,8,,0,0,0,0,0,1,112,o,24,15,4.3,3.45,0.1,0.65,0.83,3.6,3.29,9,9,WAS,OF
2025,6233,668942,668942-2025,"Rojas, Josh",31,L,211,CHW,5,,0,0,24,47,0,0,5,54,14,14.9,4.2,3.53,0.1,0.87,0.14,3.42,3.67,8,8,N/A,N/A
2025,4886,621438,621438-2025,"Taylor, Tyrone A",31,R,340,NYM,8,,0,0,0,0,0,0,111,o,23,14.8,3.7,3.95,0,0.54,0.85,3.71,3.53,9,7,NYM,OF
2025,5475,643289,643289-2025,"Dubon, Mauricio",30,R,398,HOU,6,,0,4,46,24,33,0,63,645o,27,14.7,3.9,3.83,0,0.59,0.85,3.65,3.61,9,9,ATL,"2B, 3B, SS, OF"
2025,7232,665839,665839-2025,"Valdez, Enmanuel",26,L,102,PIT,4,,0,26,6,0,0,0,1,43,7,14.6,3.6,4.08,0,0.74,0.2,3.83,3,4,8,PIT,1B
2025,8400,701398,701398-2025,"Stewart, Sal",21,R,58,CIN,5,,0,11,0,6,0,0,0,5,4,14.5,3.5,4.14,0,0.57,0.5,3.75,4.5,6,5,CIN,1B
2025,8189,689414,689414-2025,"Hicks, Liam",26,L,390,MIA,2,,62,28,0,0,0,21,0,230,27,14.4,3.4,4.29,0,0.75,0.11,3.84,3.8,4,7,MIA,"1B, C"
2025,7972,686780,686780-2025,"Pages, Pedro",26,R,389,STL,2,,110,2,1,0,0,0,0,2,27,14.4,3.7,3.89,0,0.59,0.69,3.71,3.74,8,8,STL,C
2025,5508,605170,605170-2025,"Caratini, Victor",31,B,386,HOU,2,,49,15,0,0,0,30,0,20,27,14.3,3.2,4.44,0,0.61,0.24,4.08,4.38,6,5,MIN,C
2025,7326,691785,691785-2025,"Mayer, Marcelo",22,L,136,BOS,5,,0,0,8,39,2,0,0,5,9,14.2,3.7,3.88,0.1,0.88,0.22,3.62,3,7,8,BOS,3B
2025,6688,663853,663853-2025,"Gonzalez, Romy",28,R,341,BOS,3,,0,58,42,2,0,5,0,34,24,14.2,3.1,4.55,0,0.37,0.92,4.03,4.08,6,1,BOS,"1B, 2B"
2025,6114,657041,657041-2025,"Thomas, Lane",29,R,142,CLE,7,,0,0,0,0,0,1,38,o,10,14.2,3.4,4.18,0,0.54,0.72,3.91,4.23,5,2,KC,OF
2025,6252,664059,664059-2025,"Haggerty, Sam",31,B,181,TEX,o,,0,0,5,0,0,12,41,o,12,14.2,2.8,5.15,0.2,0.26,1,4.47,4.17,9,1,TEX,OF
2025,7854,687551,687551-2025,"Gilbert, Drew",24,L,109,SFG,9,,0,0,0,0,0,0,38,o,7,14.1,3.9,3.67,0.4,0.81,0.15,3.56,3,9,9,SF,OF
2025,6936,669450,669450-2025,"Hummel, Cooper",30,B,105,HOU,o,,0,0,0,0,0,4,29,o,7,14.1,3.4,4.13,0.1,0.45,0.92,3.46,3.73,7,8,N/A,N/A
2025,7080,681546,681546-2025,"Outman, James",28,L,148,MIN,o,,0,0,0,0,0,1,56,o,10,14,3.5,4,0.2,0.61,0.42,3.52,3.75,9,9,MIN,OF
2025,5402,641933,641933-2025,"O'Neill, Tyler",30,R,209,BAL,7,,0,0,0,0,0,13,39,o,13,14,3.4,4.14,0.5,0.56,0.64,3.89,4,5,4,BAL,OF
2025,6184,664774,664774-2025,"Wade Jr., LaMonte",31,L,242,LAA,9,,0,49,0,0,0,2,22,o3,17,13.8,3.2,4.27,0.1,0.69,0.14,3.84,3.75,7,9,LAA,"OF, 1B"
2025,7335,676356,676356-2025,"Deluca, Jonny",26,R,59,TBR,8,,0,0,0,0,0,1,19,o,4,13.8,3.8,3.67,0.3,0.56,1,3.67,3.33,9,5,TB,OF
2025,8153,694374,694374-2025,"Tawa, Tim",26,R,225,ARI,4,,0,20,23,3,0,0,29,43o,16,13.8,3,4.58,0.1,0.37,0.87,3.82,3.95,8,8,ARZ,"1B, OF, 2B"
2025,7303,676609,676609-2025,"Caballero, Jose",28,R,370,NYY,6,,0,0,23,37,43,2,46,645o,27,13.7,3.3,4.11,0,0.45,0.84,3.89,3.69,7,8,NYY,"OF, 2B, 3B, SS"
2025,7177,687952,687952-2025,"Encarnacion-Strand, Christian",25,R,137,CIN,3,,0,27,0,9,0,0,0,3,9,13.7,3.4,3.97,0.3,0.54,0.69,3.8,4,6,4,CIN,1B
2025,4522,592178,592178-2025,"Bryant, Kris L",33,R,41,COL,o,,0,0,0,0,0,10,0,o,3,13.7,3.3,4.1,0,0.55,1,4,4,4,5,N/A,N/A
2025,6409,669289,669289-2025,"Espinal, Santiago",30,R,328,CIN,4,,0,3,19,75,2,2,15,45,24,13.6,3.2,4.3,0,0.35,0.95,4.11,3.68,2,2,N/A,N/A
2025,7084,666181,666181-2025,"Benson, Will",27,L,253,CIN,9,,0,0,0,0,0,1,82,o,18,13.6,3.3,4.14,0.1,0.68,0.14,3.67,3.5,8,9,CIN,OF
2025,8339,687859,687859-2025,"Johnston, Troy",28,L,121,MIA,3,,0,16,0,0,0,5,23,3o,9,13.4,3.9,3.46,0,0.87,0.05,3.12,4,7,8,COL,OF
2025,7183,670223,670223-2025,"Mervis, Matt",27,L,134,MIA,3,,0,29,0,0,0,13,0,3,10,13.4,3.7,3.62,0,0.86,0.07,3.36,5,4,8,WAS,1B
2025,6657,676701,676701-2025,"Trejo, Alan",29,R,43,COL,6,,0,0,0,0,13,0,0,6,3,13.3,3.7,3.64,0.3,0.56,0.67,3.44,3,9,8,N/A,N/A
2025,5199,642133,642133-2025,"Tellez, Rowdy",30,L,312,TEX,3,,0,97,0,0,0,8,0,3,23,13.3,3.5,3.78,0.1,0.83,0,3.33,0,6,,TEX,1B
2025,6283,663698,663698-2025,"Bart, Joey",28,R,332,PIT,2,,83,0,0,0,0,5,0,2,25,13.3,3.2,4.15,0,0.51,0.63,4.03,3.8,4,4,PIT,C
2025,8090,680737,680737-2025,"Helman, Michael",29,R,110,TEX,8,,0,0,0,0,1,0,35,o,8,13.3,3.5,3.79,0.1,0.44,0.92,3.56,3.25,9,1,TEX,OF
2025,6247,656541,656541-2025,"Hilliard, Sam B",31,L,61,COL,o,,0,0,0,0,0,2,17,o,4,13.3,2.8,4.82,0.5,0.53,0.17,4,4,7,7,N/A,N/A
2025,8057,690291,690291-2025,"Jung, Jace",24,L,55,DET,5,,0,0,0,19,0,0,0,5,4,13.3,3.3,4.08,0,0.63,0.17,3.42,3,6,8,DET,3B
2025,7205,682848,682848-2025,"Rodriguez, Endy",25,B,57,PIT,2,,9,11,0,0,0,0,0,2,4,13.3,3.5,3.79,0.3,0.69,0.5,3.64,4,7,7,PIT,1B
2025,6655,670042,670042-2025,"Raley, Luke",30,L,219,SEA,3,,0,31,0,0,0,4,43,3o,16,13.2,3.1,4.22,0.1,0.69,0.17,3.73,3.6,5,7,SEA,"1B, OF"
2025,3977,516782,516782-2025,"Marte, Starling",36,R,329,NYM,0,,0,0,0,0,0,77,12,0,25,13.2,2.9,4.57,0,0.28,0.95,4.16,3.98,5,6,NYM,UT
2025,5642,545121,545121-2025,"Vargas, Ildemaro",33,B,121,ARI,5,,0,12,13,7,1,5,0,5,8,13.1,2.8,4.77,0.5,0.29,0.86,3.8,4,8,6,N/A,N/A
2025,6278,672284,672284-2025,"Kelenic, Jarred",25,L,65,ATL,9,,0,0,0,0,0,1,23,o,5,13,4,3.25,0,0.83,0,3,0,8,,ATL,OF
2025,7866,669208,669208-2025,"Bliss, Ryan",25,R,39,SEA,4,,0,0,11,0,0,0,0,4,3,13,3.7,3.55,0,0.64,0.8,3.57,3.5,8,8,SEA,2B
2025,8062,700242,700242-2025,"Sweeney, Trey",25,L,326,DET,6,,0,0,0,0,112,0,0,6,25,12.9,3.2,4.08,0,0.65,0.16,3.49,3.83,8,9,DET,SS
2025,7066,669743,669743-2025,"Call, Alex",30,R,322,LAD,7,,0,0,0,0,0,6,98,o,25,12.9,2.9,4.47,0,0.35,0.79,4.13,3.82,7,5,LAD,OF
2025,7073,666023,666023-2025,"Fermin, Freddy",30,R,347,SDP,2,,101,0,1,0,0,5,0,2,27,12.9,3.3,3.86,0,0.52,0.7,3.58,3.48,9,8,SD,C
2025,4675,571771,571771-2025,"Hernandez, Kike",33,R,256,LAD,4,,0,28,18,27,0,2,28,435o,20,12.8,2.7,4.83,0,0.25,0.87,3.86,3.78,8,8,LAD,"1B, 3B, OF"
2025,3405,578428,578428-2025,"Iglesias, Jose",35,R,343,SDP,4,,0,0,40,24,32,13,1,456,27,12.7,3,4.29,0,0.36,0.8,3.88,3.64,8,7,SD,"SS, 2B, 3B"
2025,6734,656896,656896-2025,"Rivera, Emmanuel",29,R,127,BAL,5,,0,8,0,30,0,2,0,5,10,12.7,3,4.23,0,0.45,0.6,3.86,3.78,9,7,N/A,N/A
2025,7240,676116,676116-2025,"Noda, Ryan",29,L,59,BAL,9,,0,11,0,0,0,4,6,o,3,12.7,3.7,3.46,0.7,0.79,0,3.36,0,7,,N/A,N/A
2025,8100,691594,691594-2025,"Sanoja, Javier",22,R,342,MIA,4,,0,1,34,41,10,0,47,45o,27,12.7,3,4.22,0,0.36,0.85,3.63,3.6,9,9,MIA,"2B, 3B, OF"
2025,5532,543309,543309-2025,"Higashioka, Kyle H",35,R,327,TEX,2,,71,0,0,0,0,21,0,20,26,12.6,3.2,3.89,0,0.46,0.78,3.77,3.71,9,8,TEX,C
2025,8007,691182,691182-2025,"Amador, Adael",22,B,128,COL,4,,0,0,41,0,0,0,0,4,10,12.5,3.3,3.79,0.1,0.64,0.26,3.54,3,9,8,COL,2B
2025,6808,650559,650559-2025,"De La Cruz, Bryan",28,R,50,ATL,o,,0,0,0,0,0,1,14,o,4,12.5,3,4.17,0,0.5,1,3.56,4,7,5,NYY,OF
2025,5754,643376,643376-2025,"Jansen, Danny R",30,R,337,MIL,2,,93,0,0,0,0,2,0,2,27,12.5,3,4.16,0,0.39,0.78,3.91,3.8,9,6,TEX,C
2025,6837,664983,664983-2025,"McCarthy, Jake",27,L,222,ARI,7,,0,0,0,0,0,3,59,o,18,12.3,3.2,3.83,0,0.68,0.2,3.67,3.83,9,8,COL,OF
2025,5566,657557,657557-2025,"DeJong, Paul",31,R,208,WAS,5,,0,1,13,33,10,3,0,5,17,12.2,3.1,4,0,0.48,0.61,3.81,3.7,7,3,WAS,3B
2025,6935,#N/A,#N/A,"Gonzalez, Oscar",27,#N/A,#N/A,SDP,,,,,,,,,,,5,12.2,3.2,3.81,0,0.4,0.89,3.75,3.13,5,5,N/A,N/A
2025,8330,676044,676044-2025,"Seymour, Bob",26,L,83,TBR,3,,0,25,0,0,0,1,0,3,6,12.2,3.2,3.84,0.5,0.64,0.25,3.5,4,9,9,TB,1B
2025,6722,663837,663837-2025,"Vierling, Matt",28,R,100,DET,9,,0,0,0,3,0,1,28,o,7,12.1,2.9,4.25,0.4,0.38,0.82,3.73,3.56,7,1,DET,OF
2025,4713,572191,572191-2025,"Taylor, Michael A.",34,R,325,CHW,8,,0,0,0,0,0,2,123,o,27,12,3.2,3.78,0,0.38,1,3.55,3.32,9,9,N/A,N/A
2025,6852,669304,669304-2025,"Miranda, Jose",27,R,36,MIN,3,,0,0,0,12,0,0,0,3,3,12,3,4,0,0.5,1,3.57,3.5,8,5,MIN,3B
2025,5083,592669,592669-2025,"Renfroe, Hunter",33,R,108,KRC,9,,0,0,0,0,0,2,33,o,9,12,3,4,0,0.4,1,3.78,3.67,6,6,N/A,N/A
2025,7244,682729,682729-2025,"Clase, Jonatan",23,B,112,TOR,o,,0,0,0,0,0,1,31,o,9,12,3.3,3.6,0,0.51,0.53,3.48,3.88,9,8,TOR,OF
2025,8258,670231,670231-2025,"Rave, John",27,L,175,KRC,7,,0,0,0,0,0,1,70,o,14,11.9,3.4,3.55,0.1,0.66,0.26,3.29,3.8,8,9,N/A,N/A
2025,8054,680728,680728-2025,"Del Castillo, Adrian",25,L,131,ARI,2,,5,0,0,0,0,28,0,20,10,11.9,2.7,4.41,0.3,0.62,0.05,3.89,4,5,7,ARZ,UT
2025,7305,679845,679845-2025,"Loftin, Nick",26,R,188,KRC,5,,0,5,16,14,0,1,38,5o,15,11.9,2.7,4.34,0.1,0.38,0.74,3.63,3.5,7,7,KC,OF
2025,6980,669261,669261-2025,"Suwinski, Jack",26,L,178,PIT,o,,0,0,0,0,0,0,56,o,15,11.9,2.9,4.14,0,0.61,0.05,3.76,1,6,7,PIT,OF
2025,7990,695391,695391-2025,"Harris, Brett",27,R,84,ATH,5,,0,5,0,27,0,0,0,5,6,11.8,3,3.94,0.5,0.46,0.58,3.46,3.57,9,7,ATH,3B
2025,7197,678554,678554-2025,"Mead, Curtis",24,R,264,CHW,5,,0,32,17,29,0,4,0,53,22,11.8,2.8,4.19,0,0.3,0.94,4.03,3.47,6,2,CWS,"1B, 3B"
2025,6294,666185,666185-2025,"Carlson, Dylan",26,B,241,BAL,8,,0,0,0,0,0,0,81,o,20,11.8,3,3.93,0.1,0.44,0.55,3.54,3.67,9,8,N/A,N/A
2025,3311,518792,518792-2025,"Heyward, Jason A",35,L,94,SDP,7,,0,0,0,0,0,0,33,o,8,11.8,2.8,4.27,0,0.7,0.07,3.81,3,8,8,N/A,N/A
2025,4569,500743,500743-2025,"Rojas, Miguel",36,R,317,LAD,4,,0,1,68,23,22,0,0,456,27,11.7,2.9,4.01,0,0.33,0.88,3.57,3.41,9,9,LAD,"3B, 2B, SS"
2025,7271,677588,677588-2025,"Tena, Jose",24,L,169,WAS,0,,0,0,5,46,0,0,0,05,14,11.7,2.9,4,0.1,0.66,0.12,3.76,3.67,8,8,WAS,3B
2025,8157,689200,689200-2025,"Melton, Jacob",24,L,77,HOU,o,,0,0,0,0,0,0,31,o,6,11.7,3.3,3.5,0.3,0.66,0.13,3.26,4,9,10,TB,OF
2025,4541,596142,596142-2025,"Sanchez, Gary",32,R,101,BAL,2,,22,0,0,0,0,7,0,2,8,11.6,2.9,4.04,0.3,0.38,0.79,3.83,3.64,7,6,BAL,C
2025,8192,702176,702176-2025,"Roden, Alan",25,L,153,MIN,7,,0,0,0,0,0,0,52,o,13,11.6,3,3.87,0.1,0.61,0.17,3.5,4,9,9,MIN,OF
2025,6806,669004,669004-2025,"Melendez, MJ",26,L,65,KRC,7,,0,0,0,0,0,1,20,o,5,11.6,2.8,4.14,0.2,0.52,0.25,3.92,4,7,7,N/A,N/A
2025,4817,608385,608385-2025,"Winker, Jesse",31,L,81,NYM,0,,0,0,0,0,0,22,2,0,7,11.6,2.9,4.05,0,0.61,0,3.65,0,6,,NYM,UT
2025,7145,680779,680779-2025,"Davis, Henry",25,R,281,PIT,2,,83,0,0,0,0,0,0,2,24,11.5,3,3.87,0.1,0.5,0.46,3.52,3.8,8,9,PIT,C
2025,8383,701675,701675-2025,"Church, Nathan",24,L,65,STL,o,,0,0,0,0,0,0,26,o,5,11.4,3,3.8,0.4,0.46,0.6,3.75,3.67,9,9,STL,OF
2025,6408,656180,656180-2025,"Adams, Riley",29,R,286,WAS,2,,80,1,0,0,0,1,0,2,25,11.4,2.8,4.12,0,0.39,0.62,3.73,3.71,8,8,WAS,C
2025,8107,692585,692585-2025,"Fernandez, Yanquiel",22,L,147,COL,0,,0,0,0,0,0,25,22,0o,13,11.3,3.1,3.68,0,0.67,0,3.38,0,8,,COL,OF
2025,6747,666624,666624-2025,"Morel, Christopher",26,R,305,TBR,7,,0,0,1,0,0,18,70,o,27,11.3,2.7,4.24,0,0.24,0.96,3.93,3.6,5,5,MIA,OF
2025,8058,686765,686765-2025,"Sogard, Nick",27,B,104,BOS,4,,0,12,8,9,2,0,3,4,7,11.3,2.6,4.39,0.9,0.28,0.82,3.78,4.22,6,7,BOS,1B
2025,6276,666211,666211-2025,"Trammell, Taylor",27,L,135,HOU,9,,0,0,0,0,0,1,49,o,12,11.3,2.7,4.22,0,0.61,0.05,3.61,5,7,9,N/A,N/A
2025,7968,694388,694388-2025,"Loperfido, Joey",26,L,104,TOR,o,,0,0,0,0,0,0,37,o,9,11.2,2.8,4.04,0.1,0.6,0.18,3.36,3,7,9,TOR,OF
2025,7951,688363,688363-2025,"Pauley, Graham",24,L,184,MIA,5,,0,5,7,52,0,0,1,5,16,11.2,3.3,3.44,0.1,0.71,0.13,3.35,3.33,8,9,MIA,3B
2025,5701,624431,624431-2025,"Trevino, Jose",32,R,302,CIN,2,,90,0,0,0,0,1,0,2,27,11.2,3.1,3.6,0,0.49,0.6,3.47,3.59,8,8,CIN,C
2025,7400,676914,676914-2025,"Schneider, Davis",26,R,227,TOR,4,,0,0,24,1,0,1,59,4o,20,11.2,3,3.78,0.1,0.31,1,3.44,3.25,7,6,TOR,"2B, OF"
2025,5666,571657,571657-2025,"Farmer, Kyle",34,R,300,COL,4,,0,17,33,10,12,24,0,40,27,11.1,2.7,4.11,0,0.33,0.81,3.69,3.41,7,7,COL,2B
2025,5773,605361,605361-2025,"Martini, Nick S",35,L,111,COL,o,,0,0,0,0,0,18,17,o,10,11.1,2.9,3.83,0,0.71,0,3.03,0,8,,N/A,N/A
2025,5998,664702,664702-2025,"Straw, Myles",30,R,299,TOR,o,,0,0,1,0,0,0,133,o,27,11.1,2.4,4.53,0,0.23,0.95,3.57,3.5,9,8,TOR,OF
2025,8123,687515,687515-2025,"Thomas, Colby",24,R,132,ATH,o,,0,0,0,0,0,1,44,o,12,11,2.4,4.55,0,0.17,1,4.11,3.4,6,4,ATH,OF
2025,8257,696030,696030-2025,"Osuna, Alejandro",22,L,176,TEX,o,,0,0,0,0,0,7,56,o,15,11,3.1,3.59,0.2,0.67,0.05,3.36,4,5,9,TEX,OF
2025,8311,694728,694728-2025,"Matthews, Brice",23,R,47,HOU,4,,0,0,13,1,0,0,0,4,3,11,2.7,4.13,0.7,0.67,0.67,3.83,4,8,6,HOU,2B
2025,7127,668952,668952-2025,"Kreidler, Ryan",27,R,44,DET,o,,0,0,0,0,0,0,17,o,4,11,3.5,3.14,0,0.53,0.86,3.38,2.67,9,9,N/A,N/A
2025,7864,668845,668845-2025,"Schunk, Aaron",28,R,33,ATL,5,,0,0,5,2,9,1,0,5,2,11,3.5,3.14,0.5,0.2,0.75,3,3.17,10,9,N/A,N/A
2025,6216,641584,641584-2025,"Fraley, Jake",30,L,217,ATL,0,,0,0,0,0,0,2,68,0o,19,10.9,2.7,4,0.1,0.62,0.03,3.57,2,8,9,TB,OF
2025,4726,570482,570482-2025,"Urshela, Gio",33,R,197,ATH,5,,0,2,0,56,0,1,0,5,18,10.9,2.8,3.94,0,0.45,0.54,3.76,3.54,8,7,N/A,N/A
2025,8053,701305,701305-2025,"Dezenzo, Zachary",25,R,109,HOU,o,,0,4,0,0,0,5,26,o,10,10.9,2.9,3.76,0,0.51,0.33,3.63,3.5,8,9,HOU,OF
2025,8045,676439,676439-2025,"Feduccia, Hunter",28,L,105,TBR,2,,34,1,0,0,0,1,0,2,9,10.9,2.9,3.77,0.2,0.7,0,3.31,0,7,,TB,C
2025,5498,620443,620443-2025,"Torrens, Luis",29,R,283,NYM,2,,86,1,0,0,0,1,0,2,26,10.9,2.8,3.93,0,0.43,0.57,3.56,3.67,8,6,NYM,C
2025,4536,545341,545341-2025,"Grichuk, Randal",33,R,293,KRC,9,,0,0,0,0,0,45,57,o0,27,10.9,2.3,4.73,0,0.17,0.98,3.85,3.45,7,6,KC,OF
2025,6348,642201,642201-2025,"White, Eli",31,R,271,ATL,9,,0,4,0,0,0,6,83,o,25,10.8,2.3,4.67,0,0.32,0.51,3.86,3.73,8,7,ATL,OF
2025,6562,677595,677595-2025,"Mauricio, Ronny",24,B,184,NYM,4,,0,0,7,42,5,5,0,45,17,10.8,2.5,4.38,0,0.49,0.24,3.71,3.63,8,9,NYM,3B
2025,8104,694208,694208-2025,"Ballesteros, Moises",21,L,66,CHC,0,,1,2,0,0,0,18,0,0,5,10.8,2.8,3.86,0.6,0.61,0,3.57,0,4,,CHC,UT
2025,5458,641598,641598-2025,"Garver, Mitch",34,R,290,SEA,2,,43,0,0,0,0,39,0,20,27,10.7,2.3,4.6,0,0.15,0.98,4.12,3.89,7,5,SEA,C
2025,8012,694362,694362-2025,"Dunn, Blake",26,R,75,CIN,o,,0,0,0,0,0,1,29,o,7,10.7,2.6,4.17,0,0.2,0.92,3.83,3.27,8,9,N/A,N/A
2025,5584,663898,663898-2025,"Rodgers, Brendan",28,R,128,HOU,4,,0,0,41,0,0,2,0,4,12,10.7,2.7,4,0,0.42,0.71,3.7,3.6,8,8,N/A,N/A
2025,8162,808975,808975-2025,"Kim, Hyeseong",26,L,170,LAD,4,,0,0,44,0,11,0,17,4,16,10.6,2.8,3.78,0,0.61,0.08,3.42,3.5,9,9,LAD,2B
2025,7225,669234,669234-2025,"Malloy, Justyn-Henry",25,R,127,DET,o,,0,1,0,0,0,25,20,o0,12,10.6,1.9,5.52,0,0.19,0.62,4.2,3.15,1,1,TB,OF
2025,6666,665155,665155-2025,"Maton, Nick",28,L,63,CHW,5,,0,5,1,0,0,14,2,5,6,10.5,2.5,4.2,0,0.6,0,3.53,0,1,,N/A,N/A
2025,8236,685301,685301-2025,"Gorski, Matt",28,R,42,PIT,8,,0,12,0,0,0,0,4,o,4,10.5,2.5,4.2,0,0.18,1,4,3.43,6,6,N/A,N/A
2025,6000,666915,666915-2025,"Dalbec, Bobby",30,R,21,CHW,3,,0,5,0,1,3,0,0,3,2,10.5,2,5.25,0,0.18,1,3,4,8,8,N/A,N/A
2025,5520,642180,642180-2025,"Wade, Tyler",30,L,127,SDP,4,,0,0,8,4,2,2,38,4o,12,10.5,2.7,3.94,0,0.54,0.18,3.29,3.75,8,8,N/A,N/A
2025,4837,553869,553869-2025,"Diaz, Elias D",34,R,283,SDP,2,,105,0,0,0,0,0,0,2,27,10.5,2.5,4.16,0,0.37,0.51,3.76,3.32,9,9,SD,C
2025,7812,677592,677592-2025,"Pereira, Everson",24,R,73,TBR,o,,0,0,0,0,0,0,22,o,7,10.4,2.7,3.84,0,0.21,0.93,3.83,3.54,6,5,CWS,OF
2025,6668,670097,670097-2025,"Short, Zack",30,R,56,HOU,4,,0,0,0,0,22,1,0,46,5,10.4,2.6,4,0,0.5,0.67,3,3.75,9,9,N/A,N/A
2025,8248,671284,671284-2025,"Elko, Tim",26,R,72,CHW,3,,0,20,0,0,0,3,0,3,6,10.3,2.7,3.88,0.5,0.37,0.56,3.82,3.4,9,7,CWS,1B
2025,6614,665804,665804-2025,"Amaya, Miguel",26,R,103,CHC,2,,27,0,0,0,0,1,0,2,10,10.3,2.6,3.96,0,0.48,0.31,3.82,3.25,8,7,CHC,C
2025,7976,686554,686554-2025,"Dunn, Oliver",27,L,41,MIL,5,,0,2,0,13,0,0,0,5,4,10.3,2.8,3.73,0,0.85,0,3.46,0,9,,N/A,N/A
2025,4748,543510,543510-2025,"McCann, James",35,R,137,ARI,2,,40,1,0,0,0,0,0,2,13,10.2,2.6,3.91,0.1,0.36,0.62,3.81,3.77,8,7,ARZ,C
2025,6426,666464,666464-2025,"Encarnacion, Jerar",27,R,56,SFG,o,,0,1,0,0,0,0,15,o,5,10.2,2.4,4.25,0.2,0.21,0.88,4,3.29,6,7,SF,OF
2025,4683,543877,543877-2025,"Vazquez, Christian R",34,R,214,MIN,2,,64,0,0,0,0,0,0,2,21,10.2,2.8,3.69,0,0.46,0.52,3.51,3.46,9,9,N/A,N/A
2025,7129,672724,672724-2025,"Peraza, Oswald",25,R,264,LAA,5,,0,17,17,64,13,1,0,5,26,10.1,2.6,3.87,0,0.37,0.69,3.48,3.32,9,9,LAA,3B
2025,7855,682668,682668-2025,"Acuna, Luisangel",23,R,193,NYM,4,,0,0,81,6,7,0,2,4,19,10.1,2.3,4.34,0,0.29,0.63,4,3.55,9,9,CWS,2B
2025,5775,642136,642136-2025,"Thaiss, Matt",30,L,190,TBR,2,,53,2,0,0,0,1,0,2,19,10,2.6,3.88,0,0.54,0.13,3.69,3.25,7,9,N/A,N/A
2025,6021,624641,624641-2025,"Sosa, Edmundo",29,R,260,PHI,4,,0,0,33,33,19,1,3,45,26,10,2.5,4,0,0.23,0.89,3.64,3.53,8,7,PHI,"2B, 3B"
2025,8264,683748,683748-2025,"Mesa Jr., Victor",24,L,38,MIA,8,,0,0,0,0,0,0,15,o,1,10,2,5,0,0.33,0.33,4,4,8,9,N/A,N/A
2025,4962,641313,641313-2025,"Anderson, Tim D",32,R,90,LAA,4,,0,0,16,0,15,0,0,4,9,10,2.9,3.46,0,0.51,0.43,3.35,3.67,9,9,N/A,N/A
2025,6858,663743,663743-2025,"Fortes, Nick",28,R,242,TBR,2,,91,0,0,0,0,3,0,2,24,10,2.5,3.92,0,0.26,0.83,3.5,3.37,9,9,TB,C
2025,5166,656537,656537-2025,"Hill, Derek",29,R,149,CHW,8,,0,0,0,0,0,2,54,o,15,9.9,2.3,4.26,0,0.29,0.68,3.89,3.41,8,8,CWS,OF
2025,8323,666126,666126-2025,"Cortes, Carlos",28,L,99,ATH,o,,0,0,0,1,0,1,29,o,10,9.9,2.1,4.71,0,0.51,0,3.62,0,7,,ATH,OF
2025,8232,682927,682927-2025,"Simon, Ronny",25,B,88,PIT,7,,0,0,9,0,1,5,13,o,9,9.8,2.4,4,0,0.44,0.25,3.9,3,1,8,N/A,N/A
2025,8059,695238,695238-2025,"Wagner, Will",26,L,149,SDP,5,,0,12,5,25,0,6,0,5,15,9.7,2.4,4.06,0,0.51,0.09,3.41,3,7,9,SD,3B
2025,6763,682641,682641-2025,"Matos, Luis",23,R,184,SFG,o,,0,0,0,0,0,2,50,o,19,9.7,2.5,3.83,0,0.25,0.83,3.9,3.48,8,6,SF,OF
2025,5482,641343,641343-2025,"Bauers, Jake",29,L,218,MIL,3,,0,40,0,0,0,6,25,3o,22,9.7,2.3,4.18,0,0.55,0,3.43,0,7,,MLW,"OF, 1B"
2025,7186,686894,686894-2025,"Wiemer, Joey",26,R,61,MIA,o,,0,0,0,0,0,0,23,o,6,9.7,2.3,4.14,0.2,0.21,0.64,4,3.67,8,8,WAS,OF
2025,7046,678894,678894-2025,"Peguero, Liover",24,R,88,PIT,4,,0,9,5,0,16,0,0,4,9,9.7,2.6,3.78,0,0.3,0.77,3.62,3.4,8,8,PIT,SS
2025,5400,628451,628451-2025,"Ibanez, Andy",32,R,193,DET,4,,0,4,11,68,1,2,1,45,20,9.7,1.6,6.03,0,0.05,0.93,3,3.52,6,6,LAD,3B
2025,7270,678877,678877-2025,"Noel, Jhonkensy",23,R,153,CLE,9,,0,9,0,0,0,1,60,o,16,9.6,2,4.78,0,0.16,0.8,3.5,3.3,6,6,BAL,OF
2025,6083,664238,664238-2025,"Moore, Dylan",32,R,243,TEX,4,,0,18,39,16,6,6,32,4o,25,9.6,2.1,4.51,0,0.17,0.85,3.63,3.27,7,8,TEX,"2B, OF"
2025,8261,669722,669722-2025,"Davidson, Logan",27,B,47,HOU,6,,0,12,1,3,0,1,0,6,2,9.5,2,4.75,0.5,0.31,0,3.75,0,8,,N/A,N/A
2025,7180,672744,672744-2025,"Canario, Alexander",25,R,234,PIT,o,,0,0,0,0,0,0,83,o,24,9.5,2.3,4.13,0,0.25,0.77,4.07,3.15,5,6,PIT,OF
2025,8282,683770,683770-2025,"Robertson, Will",27,L,75,BAL,9,,0,0,0,0,0,0,24,o,7,9.4,2.3,4.13,0.3,0.45,0.2,3.5,3,8,9,N/A,N/A
2025,7835,691783,691783-2025,"Lawlar, Jordan",22,R,74,ARI,5,,0,0,5,12,1,6,0,5,7,9.4,2.1,4.4,0.3,0.24,0.62,3.86,3.5,9,9,ARZ,3B
2025,7881,678489,678489-2025,"Barrosa, Jorge",24,B,77,ARI,o,,0,0,0,0,0,1,30,o,7,9.4,2.1,4.4,0.3,0.14,0.79,3.75,3.46,8,9,N/A,N/A
2025,7376,679032,679032-2025,"Rojas, Johan",24,R,172,PHI,8,,0,0,0,0,0,1,65,o,18,9.3,2.4,3.91,0.1,0.24,0.8,3.53,2.96,9,9,PHI,OF
2025,8245,683090,683090-2025,"Lugo, Matthew",24,R,70,LAA,o,,0,0,0,0,0,0,26,o,7,9.3,1.9,5,0.1,0.26,0.43,3.8,4,7,7,LAA,OF
2025,6951,645444,645444-2025,"Herrera, Jose",28,B,204,ARI,2,,57,0,0,0,0,0,0,2,22,9.3,2.5,3.64,0,0.48,0.28,3.59,3.7,9,9,N/A,N/A
2025,8207,683766,683766-2025,"Koss, Christian",27,R,191,SFG,4,,0,0,47,13,7,3,0,4,20,9.3,2.4,3.85,0.1,0.39,0.34,3.62,3.73,9,9,SF,2B
2025,7989,660844,660844-2025,"Rivas, Leonardo",27,B,111,SEA,6,,0,0,34,2,7,4,2,64,12,9.3,2,4.63,0,0.27,0.48,3.57,3.8,8,8,SEA,2B
2025,5833,663330,663330-2025,"Jones, Jahmai",27,R,150,DET,4,,0,0,1,0,0,33,28,4o0,16,9.3,1.7,5.48,0,0.03,0.96,4,3.28,6,1,DET,OF
2025,3967,518595,518595-2025,"d'Arnaud, Travis",36,R,231,LAA,2,,58,0,0,0,0,3,0,2,25,9.2,2.2,4.13,0,0.36,0.42,3.91,4,6,6,LAA,C
2025,7846,656484,656484-2025,"Gray, Tristan",29,L,86,TBR,4,,0,5,12,5,9,0,0,4,9,9.2,2.1,4.37,0.1,0.46,0.11,3.65,4,9,6,N/A,N/A
2025,6067,624415,624415-2025,"Biggio, Cavan",30,L,83,KRC,o,,0,6,4,3,0,11,12,o,9,9.2,2.4,3.77,0,0.47,0.11,3.29,3,7,9,N/A,N/A
2025,5088,606115,606115-2025,"Arcia, Orlando J",30,R,214,COL,6,,0,11,21,20,29,2,0,645,23,9.2,2.5,3.72,0,0.4,0.48,3.64,3.33,9,9,COL,"2B, 3B, SS"
2025,7311,681807,681807-2025,"Fry, David",29,R,157,CLE,0,,0,0,0,0,0,43,0,0,17,9.2,2.2,4.22,0,0.1,0.86,3.29,3.37,4,4,CLE,UT
2025,6639,666163,666163-2025,"Rortvedt, Ben",27,L,128,LAD,2,,44,0,0,0,0,0,0,2,14,9.1,2.5,3.66,0,0.52,0.19,3.47,3.6,9,9,N/A,N/A
2025,8060,665953,665953-2025,"Chaparro, Andres",26,R,73,WAS,3,,0,30,0,0,0,3,0,3,8,9.1,2,4.56,0,0.09,0.77,3.67,3.77,6,4,WAS,1B
2025,7013,677649,677649-2025,"Duran, Ezequiel",26,R,219,TEX,6,,0,25,17,11,30,3,11,63,23,9,2.1,4.25,0.1,0.21,0.79,3.73,3.22,9,9,TEX,"1B, SS"
2025,6945,664954,664954-2025,"Sullivan, Brett",31,L,9,PIT,2,,3,0,0,0,0,0,0,2,1,9,3,3,0,0.5,0,3,0,8,,N/A,N/A
2025,8111,663604,663604-2025,"Lockridge, Brandon",28,R,148,MIL,o,,0,0,0,0,0,0,61,o,14,9,2.3,3.94,0.3,0.22,0.7,3.69,3.05,8,8,MLW,OF
2025,6009,669374,669374-2025,"Hiura, Keston",28,R,21,COL,3,,0,8,0,0,0,0,0,3,2,9,3,3,0.5,0.4,1,3.25,2.5,8,7,N/A,N/A
2025,6640,668731,668731-2025,"Baddoo, Akil",26,L,18,DET,o,,0,0,0,0,0,0,7,o,2,9,2.5,3.6,0,0.46,0,3.2,0,8,,MLW,OF
2025,7168,670156,670156-2025,"Mastrobuoni, Miles",29,L,175,SEA,5,,0,1,15,27,0,1,24,5o,19,9,2.1,4.39,0.1,0.44,0.07,3.38,3.5,8,9,N/A,N/A
2025,7087,669392,669392-2025,"Taylor, Samad",26,R,9,SEA,4,,0,0,0,0,0,0,3,4,1,9,2,4.5,0,0,1,0,3.5,,9,SEA,OF
2025,7048,656248,656248-2025,"Bouchard, Sean",29,R,73,COL,o,,0,1,0,0,0,5,19,o,8,9,1.8,5.14,0,0.06,1,3,3.25,8,6,N/A,N/A
2025,4229,572138,572138-2025,"Singleton, Jon",33,L,9,HOU,3,,0,1,0,0,0,2,0,3,1,9,2,4.5,0,0.5,0,3.5,0,6,,N/A,N/A
2025,7070,681987,681987-2025,"Eaton, Nate",28,R,90,BOS,7,,0,0,0,12,0,1,25,o,10,9,2.5,3.6,0,0.16,0.94,3.71,3.12,8,1,BOS,OF
2025,8223,690924,690924-2025,"Fulford, Braxton",26,R,120,COL,2,,32,0,0,0,0,6,0,2,13,8.9,2.3,3.87,0.1,0.31,0.52,3.61,3.58,8,8,COL,C
2025,5574,596103,596103-2025,"Slater, Austin",32,R,160,NYY,o,,0,1,0,0,0,4,52,o,18,8.9,1.7,5.16,0,0.13,0.78,3.1,3.71,8,2,N/A,N/A
2025,7981,680474,680474-2025,"Schuemann, Max",28,R,213,ATH,4,,0,0,39,27,24,0,13,456,23,8.8,2,4.41,0,0.29,0.45,3.69,3.71,9,9,ATH,"2B, 3B, SS"
2025,7974,683083,683083-2025,"Nunez, Nasim",24,B,92,WAS,6,,0,0,13,0,19,0,2,6,10,8.8,2.3,3.83,0.1,0.24,0.62,3.7,3.08,9,9,WAS,SS
2025,4699,621035,621035-2025,"Taylor, Chris",34,R,125,LAA,o,,0,0,12,3,0,0,45,o,14,8.8,1.9,4.56,0,0.26,0.5,3.79,3.13,8,9,N/A,N/A
2025,4682,608701,608701-2025,"Refsnyder, Rob",34,R,209,BOS,o,,0,0,0,0,0,20,43,o0,24,8.7,2,4.45,0,0.1,0.9,3.2,3.81,7,4,SEA,OF
2025,7040,681146,681146-2025,"Bride, Jonah",29,R,121,MIN,5,,0,8,3,23,0,8,0,5,14,8.6,1.8,4.84,0,0.14,0.84,4.11,3.44,3,5,MIN,3B
2025,5294,607732,607732-2025,"Stallings, Jacob",35,R,129,BAL,2,,40,0,0,0,0,0,0,2,15,8.6,2.3,3.79,0,0.36,0.46,3.23,3.25,9,9,N/A,N/A
2025,7257,655316,655316-2025,"Monasterio, Andruw",28,R,135,MIL,5,,0,15,10,8,37,0,2,56,15,8.5,2.2,3.88,0.1,0.31,0.52,3.42,3.64,9,9,MLW,SS
2025,7011,687957,687957-2025,"Harris, Dustin",25,L,43,TEX,o,,0,0,0,0,0,1,16,o,4,8.5,2.3,3.78,0.3,0.5,0,3.33,0,6,,N/A,N/A
2025,5761,641645,641645-2025,"Guillorme, Luis M",30,L,21,HOU,4,,0,0,7,7,0,0,0,4,2,8.5,2,4.25,0.5,0.5,0,3.25,0,9,,N/A,N/A
2025,7224,676070,676070-2025,"Amaya, Jacob",26,R,73,CHW,6,,0,0,1,0,35,0,0,6,8,8.5,3,2.83,0.1,0.49,0.57,2.56,3,9,9,N/A,N/A
2025,3681,455117,455117-2025,"Maldonado, Martin",38,R,161,SDP,2,,64,0,0,0,0,0,0,2,19,8.5,2.9,2.93,0,0.52,0.43,2.77,2.81,9,9,N/A,N/A
2025,4061,456781,456781-2025,"Solano, Donovan",37,R,179,TEX,3,,0,66,2,2,0,0,0,3,21,8.4,1.8,4.76,0,0.09,0.83,3.88,3.21,7,6,N/A,N/A
2025,5472,656577,656577-2025,"Jackson, Alex J",29,R,100,BAL,2,,35,0,0,0,0,1,0,2,12,8.3,2.1,4,0,0.29,0.48,3.33,3.6,9,9,MIN,C
2025,7893,678391,678391-2025,"Vivas, Jorbit",24,L,64,NYY,4,,0,0,15,14,0,0,0,4,6,8.3,2.8,2.94,0.7,0.63,0,2.71,0,9,,N/A,N/A
2025,5389,642708,642708-2025,"Rosario, Amed",29,R,191,NYY,5,,0,0,17,33,1,1,6,5,23,8.3,1.7,4.78,0,0.09,0.82,4.11,3.81,7,2,NYY,3B
2025,8262,680862,680862-2025,"MacIver, Willie",28,R,111,TEX,2,,31,0,0,0,0,0,0,2,13,8.2,2.2,3.82,0.1,0.3,0.48,3.94,3.55,8,8,TEX,C
2025,8133,687221,687221-2025,"Rushing, Dalton",24,L,155,LAD,2,,41,8,0,0,0,1,0,2,19,8.2,2,4.08,0,0.37,0.24,3.5,3.75,9,8,LAD,C
2025,6783,678011,678011-2025,"Seigler, Anthony",26,B,73,MIL,2,,1,1,0,25,0,1,0,25,9,8.1,1.9,4.29,0,0.44,0,3.12,0,8,,N/A,N/A
2025,7355,666152,666152-2025,"Hamilton, David",27,L,194,BOS,4,,0,0,68,1,12,4,0,4,24,8.1,2,3.96,0,0.44,0.05,3.53,4,8,8,BOS,2B
2025,4866,592192,592192-2025,"Canha, Mark D",36,R,125,KRC,7,,0,3,0,0,0,7,33,o,15,8.1,1.7,4.65,0.1,0.15,0.94,3.64,3.27,7,5,N/A,N/A
2025,6024,642350,642350-2025,"Siri, Jose",29,R,36,NYM,8,,0,0,0,0,0,0,14,o,3,8,2.3,3.43,0,0.46,0.5,3.33,4,9,9,NYM,OF
2025,5578,#N/A,#N/A,"McKinney, Billy",30,#N/A,#N/A,TEX,,,,,,,,,,,1,8,2,4,0,0.4,0,4,0,7,,N/A,N/A
2025,6342,669717,669717-2025,"Wilson, Will",27,R,91,CLE,4,,0,0,17,15,0,1,0,4,11,8,1.9,4.19,0.1,0.16,0.77,3.25,3.39,7,7,N/A,N/A
2025,7294,689172,689172-2025,"Wisely, Brett",26,L,63,ATL,4,,0,0,20,4,1,1,0,4,7,8,2,4,0.3,0.42,0,3.64,0,9,,N/A,N/A
2025,7161,686823,686823-2025,"Brennan, Will",27,L,16,CLE,9,,0,0,0,0,0,0,6,o,2,8,2,4,0,0.44,0,2.75,0,9,,CLE,OF
2025,7163,672279,672279-2025,"Siani, Mike",25,L,19,STL,8,,0,0,0,0,0,0,17,o,2,8,2,4,0.5,0.3,0.33,3.67,3,8,9,N/A,N/A
2025,6825,683021,683021-2025,"Stefanic, Michael",29,R,25,TOR,4,,0,0,9,0,1,0,0,4,3,8,2,4,0,0.31,0.33,3.6,5,9,9,N/A,N/A
2025,7923,677956,677956-2025,"Hinds, Rece",24,R,48,CIN,9,,0,0,0,0,0,0,15,o,6,8,2.2,3.69,0,0.27,0.64,3.67,3,9,8,CIN,OF
2025,5325,#N/A,#N/A,"Gurriel, Yuli  ",41,#N/A,#N/A,SDP,,,,,,,,,,,5,8,1.8,4.44,0,0.05,0.89,3,3.75,6,6,N/A,N/A
2025,6728,657136,657136-2025,"Wong, Connor",29,R,192,BOS,2,,62,1,0,0,0,1,0,2,23,8,2.2,3.61,0.1,0.39,0.31,3.54,3.58,9,9,BOS,C
2025,7857,672012,672012-2025,"Black, Tyler",24,L,13,MIL,3,,0,2,0,0,0,0,2,3,1,8,1,8,0,0.17,0,5,0,6,,MLW,1B
2025,7139,676724,676724-2025,"Young, Jared",29,L,47,NYM,7,,0,1,0,0,0,13,1,o,5,8,2.2,3.64,0.4,0.46,0,3.27,0,6,,NYM,UT
2025,8070,681508,681508-2025,"Gasper, Mickey",29,B,110,MIN,2,,19,7,2,0,0,12,1,2,13,7.9,1.8,4.48,0.1,0.29,0.24,3.83,3.5,8,6,WAS,C
2025,6085,543592,543592-2025,"Nola, Austin",35,R,41,COL,2,,12,1,0,0,0,0,0,2,4,7.8,2,3.88,0,0.39,0.33,3.71,4,7,8,N/A,N/A
2025,8028,677870,677870-2025,"Jimenez, Leo",24,R,32,TOR,6,,0,0,15,0,1,0,0,6,4,7.8,2.3,3.44,0,0.14,0.78,3,3,9,9,N/A,N/A
2025,6984,681962,681962-2025,"Capra, Vinny",28,R,105,CHW,5,,0,0,6,24,12,0,0,5,13,7.7,1.8,4.35,0.1,0.15,0.74,3.56,3.43,9,9,N/A,N/A
2025,5008,608671,608671-2025,"Jankowski, Travis",34,L,50,NYM,o,,0,0,0,0,0,1,21,o,6,7.7,1.8,4.18,0.2,0.46,0,3.64,0,7,,N/A,N/A
2025,8202,682183,682183-2025,"Avans, Drew",29,L,18,MIL,o,,0,0,0,0,0,0,7,o,2,7.5,2,3.75,0.5,0.31,0,3.25,0,7,,N/A,N/A
2025,5752,624512,624512-2025,"McGuire, Reese J",30,L,140,CHC,2,,43,0,0,0,0,0,0,2,18,7.5,1.9,3.86,0.1,0.4,0.1,3.75,3,9,9,CHC,C
2025,7908,671286,671286-2025,"Rodriguez, Johnathan",25,R,77,CLE,9,,0,0,0,0,0,1,28,o,9,7.4,1.9,3.94,0.3,0.12,0.65,3.5,3.15,8,7,CLE,OF
2025,4550,595978,595978-2025,"Hedges, Austin C",32,R,180,CLE,2,,67,0,0,0,0,0,0,2,24,7.4,2,3.69,0,0.17,0.76,3.11,3.28,9,9,N/A,N/A
2025,8112,672569,672569-2025,"Campero, Gustavo",27,B,66,LAA,o,,0,0,0,0,0,1,26,o,8,7.3,1.8,4.14,0.3,0.24,0.5,3.5,3,8,8,N/A,N/A
2025,7402,642215,642215-2025,"Wilson, Weston",30,R,125,PHI,o,,0,9,11,1,0,2,27,o,17,7.2,2,3.62,0.1,0.04,0.91,4.67,3,7,8,N/A,N/A
2025,7999,670092,670092-2025,"Brooks, Trenton",29,L,43,SDP,3,,0,0,0,0,0,11,2,3,6,7.2,1.8,3.91,0,0.5,0,2.36,0,8,,N/A,N/A
2025,6026,542932,542932-2025,"Berti, Jon",35,R,107,CHC,5,,0,0,13,28,0,0,1,5,14,7.1,1.8,4,0.1,0.27,0.38,3.29,3.25,9,9,CHC,3B
2025,3349,457759,457759-2025,"Turner, Justin M",40,R,191,CHC,0,,0,39,0,14,0,19,0,03,27,7.1,1.6,4.34,0,0.08,0.83,4,3.17,3,8,N/A,N/A
2025,8027,680769,680769-2025,"Alexander, C.J.",29,L,17,NYY,5,,0,2,0,2,0,0,2,5,2,7,2,3.5,0,0.31,0,3.5,0,7,,N/A,N/A
2025,7260,665877,665877-2025,"Fermin, Jose",26,R,70,STL,4,,0,0,15,5,0,1,5,4,10,7,1.5,4.67,0,0.28,0.15,3.69,4,9,8,STL,2B
2025,6829,650968,650968-2025,"Pozo, Yohel",28,R,168,STL,2,,46,6,0,0,0,3,0,2,24,7,1.5,4.54,0,0.26,0.24,3.56,3.4,7,7,STL,C
2025,8306,677060,677060-2025,"Stevens, Chad",26,R,14,LAA,6,,0,0,3,2,0,0,0,6,2,7,2.5,2.8,0,0.36,0.5,3,2,9,9,N/A,N/A
2025,6862,668723,668723-2025,"Vilade, Ryan",26,R,15,CIN,o,,0,0,0,0,0,1,7,o,2,7,1.5,4.67,0,0,0.5,0,3.33,,8,TB,OF
2025,8220,691907,691907-2025,"Cheng, Tsung-Che",24,L,7,PIT,6,,0,0,1,0,2,0,0,6,1,7,2,3.5,0,0.5,0,2.5,0,9,,N/A,N/A
2025,6055,669288,669288-2025,"Johnson, Daniel",29,L,57,BAL,8,,0,0,0,0,0,0,24,o,7,6.9,1.6,4.36,0.3,0.27,0.14,3.6,4,7,9,N/A,N/A
2025,7333,663609,663609-2025,"Baker, Luken",28,R,41,STL,3,,0,2,0,0,0,11,0,3,6,6.8,1.3,5.13,0,0.03,0.78,1,3.71,6,2,N/A,N/A
2025,6595,676801,676801-2025,"McCormick, Chas",30,R,116,HOU,9,,0,0,0,0,0,1,59,o,16,6.8,1.7,4.04,0.1,0.16,0.82,3.23,3.29,9,9,HOU,OF
2025,5769,642851,642851-2025,"Wynns, Austin",34,R,110,ATH,2,,35,1,0,0,0,1,0,2,16,6.8,1.8,3.89,0,0.24,0.48,3.65,3.55,9,8,ATH,C
2025,5672,623168,623168-2025,"Heineman, Tyler A",34,B,174,TOR,2,,61,0,0,0,0,0,0,2,26,6.7,1.7,3.87,0,0.28,0.32,3.39,3.67,8,8,TOR,C
2025,5159,622534,622534-2025,"Margot, Manuel",30,R,20,DET,o,,0,0,0,0,0,0,6,o,3,6.7,1.7,4,0,0.18,0.75,4,3.33,6,5,N/A,N/A
2025,5723,621512,621512-2025,"Nido, Tomas",31,R,37,DET,2,,10,0,0,0,0,0,0,2,5,6.6,1.4,4.71,0.2,0.17,0.33,4,3,9,8,N/A,N/A
2025,8089,680577,680577-2025,"Keirsey, DaShawn",28,L,87,MIN,o,,0,0,0,0,0,2,60,o,12,6.6,1.5,4.39,0.1,0.29,0.07,3.41,1,9,9,N/A,N/A
2025,6040,663662,663662-2025,"Cameron, Daz",28,R,42,MIL,o,,0,0,0,0,0,0,16,o,6,6.5,1.2,5.57,0,0,0.78,0,4,,5,N/A,N/A
2025,6245,664913,664913-2025,"Brown, Seth",32,L,76,ATH,o,,0,0,0,0,0,2,21,o,10,6.5,1.2,5.42,0.2,0.26,0,3.67,0,6,,ATH,OF
2025,6051,668670,668670-2025,"Rogers, Jake",30,R,142,DET,2,,41,0,0,0,0,1,0,2,22,6.5,1.7,3.74,0,0.32,0.21,3.36,3.43,9,8,DET,C
2025,8201,663584,663584-2025,"Senger, Hayden",28,R,78,NYM,2,,31,0,0,0,0,0,0,2,12,6.4,1.8,3.67,0,0.33,0.19,3.06,3.5,9,9,N/A,N/A
2025,7088,669369,669369-2025,"Johnson, Bryce",29,B,84,SDP,o,,0,0,0,0,0,0,52,o,13,6.3,1.2,5.47,0,0.15,0.26,3.63,3.43,8,8,SD,OF
2025,4831,605131,605131-2025,"Barnes, Austin",35,R,44,LAD,2,,12,1,0,0,0,0,0,2,7,6.3,1.7,3.67,0,0.35,0.17,3.5,4,9,9,N/A,N/A
2025,5505,621028,621028-2025,"Newman, Kevin B",31,R,116,LAA,6,,0,2,8,32,14,0,0,65,18,6.3,1.7,3.77,0.1,0.21,0.57,3.33,3,9,9,N/A,N/A
2025,6046,656582,656582-2025,"Joe, Connor",32,R,80,CIN,o,,0,6,0,0,0,3,30,o,12,6.3,1.4,4.41,0.1,0.08,0.72,3.25,2.69,9,7,N/A,N/A
2025,6804,686676,686676-2025,"Lee, Korey",26,R,40,CHW,2,,16,0,0,0,0,3,1,2,5,6.2,1.6,3.88,0,0.25,0.5,3.33,3.5,9,7,CWS,C
2025,7985,640902,640902-2025,"Pereda, Jhonny",29,R,78,MIN,2,,26,0,0,0,0,0,0,2,11,6.1,1.6,3.72,0.3,0.21,0.47,3.46,3.14,9,9,N/A,N/A
2025,5826,622761,622761-2025,"Mateo, Jorge",30,R,83,BAL,8,,0,0,6,2,11,4,11,o,13,6.1,1.8,3.29,0.1,0.19,0.62,3.09,3,9,9,ATL,SS
2025,8095,695257,695257-2025,"Cook, Billy",26,R,6,PIT,o,,0,1,0,0,0,0,3,o,1,6,0,0,0,0,0,0,0,,,N/A,N/A
2025,7241,666165,666165-2025,"Sabol, Blake",27,L,18,BOS,2,,7,0,0,0,0,0,0,2,3,6,1,6,0,0.2,0,3.67,0,8,,N/A,N/A
2025,6302,645305,645305-2025,"Sanchez, Ali",28,R,23,NYM,2,,11,1,0,0,0,0,0,2,2,6,1,6,0.5,0.29,0,3,0,8,,N/A,N/A
2025,5019,571912,571912-2025,"Maile, Luke",34,R,54,KRC,2,,23,0,0,0,0,0,0,2,1,6,2,3,2,0.33,0,3,0,8,,N/A,N/A
2025,8240,668974,668974-2025,"Handley, Maverick",27,R,47,BAL,2,,16,0,0,0,0,0,0,2,8,5.9,1.5,3.92,0,0.27,0.15,2.9,3.5,9,9,N/A,N/A
2025,6549,669087,669087-2025,"Huff, Sam",27,R,58,SFG,2,,20,0,0,0,0,0,0,2,10,5.8,1.8,3.22,0,0.27,0.39,3.18,3,8,7,N/A,N/A
2025,4438,607680,607680-2025,"Pillar, Kevin",36,R,43,TEX,o,,0,0,0,0,0,3,15,o,7,5.6,1.1,4.88,0.1,0,0.73,0,3.5,,1,N/A,N/A
2025,7169,678225,678225-2025,"Bae, Ji-Hwan",25,L,25,PIT,o,,0,0,0,0,0,2,9,o,2,5.5,1.5,3.67,0,0.38,0,3.67,0,8,,N/A,N/A
2025,8200,641555,641555-2025,"Escarra, J.C.",30,L,98,NYY,3,,30,6,0,2,0,1,0,32,18,5.4,1.3,4.26,0,0.27,0.05,3.59,4,8,8,N/A,N/A
2025,5799,670032,670032-2025,"Lopez, Nicky",30,L,28,CHC,5,,0,0,1,14,3,0,1,5,5,5.4,1.2,4.5,0,0.21,0.17,3,4,9,9,N/A,N/A
2025,6008,668800,668800-2025,"Knizner, Andrew",30,R,88,SFG,2,,32,0,0,0,0,1,0,2,16,5.3,1.7,3.15,0.1,0.23,0.39,3.06,3,9,9,SEA,C
2025,7064,681584,681584-2025,"Villar, David",28,R,25,SFG,3,,0,8,0,1,0,1,0,3,4,5.3,1.3,4.2,0.3,0,0.83,0,3.4,,7,N/A,N/A
2025,5732,664068,664068-2025,"Kingery, Scott M",31,R,29,LAA,o,,0,0,7,0,3,0,5,o,4,5.3,1.8,3,0.5,0.26,0.33,3,2,9,8,N/A,N/A
2025,7915,676679,676679-2025,"Vazquez, Luis",25,R,53,BAL,4,,0,1,3,12,11,1,0,4,9,5.2,1,5.22,0.2,0.1,0.28,4,3.6,8,9,N/A,N/A
2025,7824,669200,669200-2025,"McCoy, Mason",30,R,26,SDP,6,,0,0,2,0,12,1,0,6,1,5,1,5,0,0.17,0,4,0,9,,N/A,N/A
2025,5935,641658,641658-2025,"Hampson, Garrett",30,R,91,STL,o,,0,0,13,3,7,3,35,o,18,5,1.2,4.09,0,0.13,0.35,3.4,3,9,9,N/A,N/A
2025,4674,605113,605113-2025,"Ahmed, Nick",35,R,10,TEX,6,,0,0,0,0,5,0,0,6,2,5,1.5,3.33,0,0,0.6,0,2.33,,9,N/A,N/A
2025,4180,542963,542963-2025,"Brantly, Rob",35,L,7,MIA,2,,3,0,0,0,0,0,0,2,1,5,2,2.5,1,0,1,0,2.5,,9,N/A,N/A
2025,7044,671083,671083-2025,"Kennedy, Buddy",26,R,32,LAD,4,,0,2,1,9,0,0,0,4,1,5,1,5,1,0,0.5,0,4,,8,N/A,N/A
2025,6285,656413,656413-2025,"Fairchild, Stuart",29,R,55,ATL,o,,0,0,0,0,0,5,20,o,11,5,0.9,5.5,0,0,0.46,0,3.3,,8,TB,OF
2025,6554,665561,665561-2025,"Marchan, Rafael",26,B,118,PHI,2,,42,0,0,0,0,0,0,2,23,4.8,1.1,4.27,0.1,0.19,0.16,3.33,4.14,9,9,PHI,C
2025,7840,682515,682515-2025,"Porter, Logan",29,R,9,SFG,2,,4,0,0,0,0,0,0,2,2,4.5,1,4.5,0,0.25,0,3.5,0,9,,N/A,N/A
2025,6713,663897,663897-2025,"Williams, Luke",28,R,34,ATL,5,,0,0,0,4,25,3,0,56,4,4.5,0.8,6,0,0.15,0.14,3.5,3,9,9,N/A,N/A
2025,5984,606992,606992-2025,"Haase, Eric",32,R,77,MIL,2,,28,0,0,0,0,2,0,2,17,4.5,1.1,4.22,0,0.16,0.25,3.46,3.71,9,8,N/A,N/A
2025,6505,644433,644433-2025,"Tromp, Chadwick",30,R,22,BAL,2,,8,0,0,0,0,0,0,2,5,4.4,1.4,3.14,0,0.19,0.5,3.25,3,9,9,N/A,N/A
2025,6545,669134,669134-2025,"Campusano, Luis",26,R,27,SDP,2,,0,0,0,0,0,9,0,2,3,4.3,1.3,3.25,1.3,0.08,0.6,4,2.67,8,7,SD,UT
2025,7820,686452,686452-2025,"Millas, Drew",27,B,54,WAS,2,,16,0,0,0,0,1,0,2,3,4.3,1,4.33,0.7,0.15,0.2,3.5,2,8,8,WAS,C
2025,6395,676480,676480-2025,"Barrero, Jose",27,R,31,STL,6,,0,0,6,1,5,0,8,6,7,4.3,0.9,5,0,0.08,0.22,3,2.75,9,9,N/A,N/A
2025,6288,640492,640492-2025,"Azocar, Jose",29,R,21,ATL,8,,0,0,0,0,0,1,9,o,4,4.3,0.8,5.67,0.3,0,0.43,0,3,,9,N/A,N/A
2025,7015,665923,665923-2025,"Ruiz, Esteury",26,R,23,LAD,o,,0,0,0,0,0,0,17,o,4,4.3,1.3,3.4,0.3,0,1,0,2.6,,8,MIA,OF
2025,6588,660644,660644-2025,"Brujan, Vidal",27,B,95,ATL,5,,0,0,3,17,15,1,14,5,20,4.2,0.7,6,0.2,0.16,0.03,3.31,4,9,9,NYM,3B
2025,5981,#N/A,#N/A,"Reyes, Pablo",31,#N/A,#N/A,NYY,,,,,,,,,,,7,4.1,0.9,4.83,0.1,0.1,0.33,3,3,8,7,N/A,N/A
2025,7914,682634,682634-2025,"Alcantara, Kevin",22,R,12,CHC,o,,0,0,0,0,0,2,7,o,3,4,1,4,0,0,0.6,0,3,,9,CHC,OF
2025,6897,680700,680700-2025,"Palacios, Richie",28,L,48,TBR,7,,0,3,5,0,0,3,6,o,1,4,1,4,0,0.25,0,4,0,6,,TB,OF
2025,6353,680911,680911-2025,"Miller, Owen",28,R,17,COL,3,,0,0,5,2,0,2,0,3,3,4,1,4,0.3,0.06,0.67,1,2,8,8,N/A,N/A
2025,6236,624513,624513-2025,"Nunez, Dom",30,L,7,CLE,2,,2,0,0,0,0,0,0,2,1,4,1,4,1,0,0.33,0,4,,8,N/A,N/A
2025,6689,676551,676551-2025,"Hicklen, Brewer",29,R,4,ATL,o,,0,0,0,0,0,0,1,o,1,4,0,0,0,0,0,0,0,,,N/A,N/A
2025,8312,685744,685744-2025,"Corona, Kenedy",25,R,4,HOU,8,,0,0,0,0,0,0,2,o,1,4,1,4,0,0.2,0,3,0,9,,N/A,N/A
2025,8242,689041,689041-2025,"Thomas, Rhylan",25,L,10,SEA,o,,0,0,0,0,0,0,3,o,1,4,1,4,1,0.2,0,4,0,9,,SEA,OF
2025,8072,694376,694376-2025,"Whitcomb, Shay",26,R,32,HOU,5,,0,0,9,8,0,2,1,5,7,3.9,0.7,5.4,0.1,0.1,0.2,3.33,3.5,9,8,HOU,2B
2025,7922,674441,674441-2025,"Hurtubise, Jacob",27,L,15,CIN,o,,0,0,0,0,0,0,6,o,4,3.8,0.5,7.5,0,0.12,0,4,0,8,,N/A,N/A
2025,4549,571466,571466-2025,"Barnhart, Tucker",34,L,15,TEX,2,,7,0,0,0,0,0,0,2,4,3.5,0.8,4.67,0,0.11,0.13,3.5,3,9,9,N/A,N/A
2025,8215,686475,686475-2025,"Tolbert, Tyler",27,R,57,KRC,8,,0,0,5,3,5,3,44,o,6,3.3,0.8,4,0,0.13,0.2,2.33,2,9,9,KC,OF
2025,5316,553882,553882-2025,"Narvaez, Omar",33,L,10,CHW,2,,4,0,0,0,0,0,0,2,1,3,1,3,2,0.33,0,3,0,9,,N/A,N/A
2025,7147,679822,679822-2025,"Foscue, Justin",26,R,9,TEX,4,,0,3,0,0,0,1,0,4,2,3,1,3,0.5,0,1,0,2.5,,9,N/A,N/A
2025,7095,670276,670276-2025,"Stevenson, Cal",28,L,8,PHI,o,,0,0,0,0,0,0,5,o,2,3,0.5,6,0,0.11,0,2,0,9,,N/A,N/A
2025,8156,669398,669398-2025,"Workman, Gage",25,L,17,CHW,5,,0,0,0,9,3,1,0,5,6,2.8,0.8,3.4,0,0.17,0,2.4,0,9,,N/A,N/A
2025,8253,676812,676812-2025,"McCusker, Carson",27,R,30,MIN,o,,0,0,0,0,0,3,12,o,2,2.5,1,2.5,0,0.13,0.33,1,2,7,8,N/A,N/A
2025,5827,669256,669256-2025,"Solak, Nick",30,R,11,PIT,o,,0,4,1,0,0,0,1,o,2,2.5,0.5,5,1,0,1,0,4,,6,N/A,N/A
2025,6759,675659,675659-2025,"Jones, Greg",27,B,2,HOU,o,,0,0,0,0,0,0,1,o,1,2,0,0,0,0,0,0,0,,,N/A,N/A
2025,4835,#N/A,#N/A,"Rosario, Eddie M",33,#N/A,#N/A,ATL,,,,,,,,,,,2,2,0.5,4,1,0.11,0,3,0,9,,N/A,N/A
2025,5673,605204,605204-2025,"Davis, J.D.",32,R,9,LAA,3,,0,4,0,1,0,0,0,3,2,2,0.5,4,0.5,0.09,0,3,0,7,,N/A,N/A
2025,6202,680118,680118-2025,"Blanco, Dairon",32,R,8,KRC,o,,0,0,0,0,0,0,5,o,3,2,0.7,3,0.3,0.08,0.5,2,2,9,9,N/A,N/A
2025,7149,680716,680716-2025,"Ornelas, Jonathan",25,R,10,NYY,6,,0,0,1,1,5,0,0,6,3,1.7,0.3,5,0,0.08,0,3,0,8,,N/A,N/A
2025,7394,677941,677941-2025,"Adams, Jordyn",26,R,5,BAL,8,,0,0,0,0,0,0,9,o,1,1,0,0,0,0,0,0,0,,,N/A,N/A
2025,8105,683357,683357-2025,"Caissie, Owen",22,L,27,CHC,o,,0,0,0,0,0,1,8,o,0,0,0,0,0,0,0,0,0,,,MIA,OF
2025,5861,596117,596117-2025,"Stubbs, Garrett",32,L,1,PHI,2,,2,0,0,0,0,3,0,2,0,0,0,0,0,0,0,0,0,,,N/A,N/A
2025,7980,675915,675915-2025,"Banuelos, David",28,R,2,BAL,2,,0,0,0,0,0,1,0,2,0,0,0,0,0,0,0,0,0,,,N/A,N/A
2025,7993,682868,682868-2025,"Ramos, Bryan",23,R,12,CHW,5,,0,0,0,4,0,0,0,5,0,0,0,0,0,0,0,0,0,,,CWS,3B
2025,8310,687478,687478-2025,"Devanney, Cam",28,R,38,PIT,4,,0,0,0,14,0,0,0,4,0,0,0,0,0,0,0,0,0,,,N/A,N/A
2025,8069,687529,687529-2025,"McCray, Grant",24,L,26,SFG,o,,0,0,0,0,0,0,22,o,0,0,0,0,0,0,0,0,0,,,N/A,N/A
2025,7097,642020,642020-2025,"Robinson, Chuckie",31,R,2,ATL,2,,1,0,0,0,0,0,0,2,0,0,0,0,0,0,0,0,0,,,N/A,N/A
2025,7973,702358,702358-2025,"Lipscomb, Trey",25,R,4,WAS,4,,0,1,0,1,1,0,0,4,0,0,0,0,0,0,0,0,0,,,N/A,N/A
2025,7293,667452,667452-2025,"Julks, Corey",29,R,13,CHW,o,,0,0,0,0,0,0,5,o,0,0,0,0,0,0,0,0,0,,,N/A,N/A
2025,7032,679631,679631-2025,"Vavra, Terrin",28,L,1,BAL,o,,0,0,1,0,0,0,0,o,0,0,0,0,0,0,0,0,0,,,N/A,N/A
2025,7865,691011,691011-2025,"Romo, Drew",23,B,3,COL,2,,1,0,0,0,0,0,0,2,0,0,0,0,0,0,0,0,0,,,CWS,C
2025,8126,695670,695670-2025,"Ford, Harry",22,R,8,SEA,2,,4,0,0,0,0,1,0,2,0,0,0,0,0,0,0,0,0,,,WAS,C
2025,6265,622268,622268-2025,"Walton, Donovan",31,L,9,PHI,4,,0,0,2,0,0,0,0,4,0,0,0,0,0,0,0,0,0,,,N/A,N/A
2025,6786,671655,671655-2025,"Valera, George",24,L,48,CLE,o,,0,0,0,0,0,10,5,o,0,0,0,0,0,0,0,0,0,,,CLE,UT
2025,8033,672642,672642-2025,"Berroa, Steward",26,B,6,MIL,o,,0,0,0,0,0,0,2,o,0,0,0,0,0,0,0,0,0,,,N/A,N/A
2025,6463,666150,666150-2025,"Fletcher, Dominic",27,L,34,CHW,o,,0,0,0,0,0,0,12,o,0,0,0,0,0,0,0,0,0,,,N/A,N/A
2025,8061,694359,694359-2025,"Kavadas, Niko",26,L,23,LAA,3,,0,10,0,0,0,0,0,3,0,0,0,0,0,0,0,0,0,,,LAA,1B
2025,8121,805811,805811-2025,"Eldridge, Bryce",20,L,37,SFG,3,,0,4,0,0,0,6,0,3,0,0,0,0,0,0,0,0,0,,,SF,UT
